Region,Date,Weekly_Sales,Temperature,Fuel_Price,CPI,Unemployment,Size
1,2010-02-05,1643690.9,42.31,2.572,211.0963582,8.106,151315
1,2010-02-12,1641957.44,38.51,2.548,211.2421698,8.106,151315
1,2010-02-19,1611968.17,39.93,2.514,211.2891429,8.106,151315
1,2010-02-26,1409727.59,46.63,2.561,211.3196429,8.106,151315
1,2010-03-05,1554806.68,46.5,2.625,211.3501429,8.106,151315
1,2010-03-12,1439541.59,57.79,2.667,211.3806429,8.106,151315
1,2010-03-19,1472515.79,54.58,2.72,211.215635,8.106,151315
1,2010-03-26,1404429.92,51.45,2.732,211.0180424,8.106,151315
1,2010-04-02,1594968.28,62.27,2.719,210.8204499,7.808,151315
1,2010-04-09,1545418.53,65.86,2.77,210.6228574,7.808,151315
1,2010-04-16,1466058.28,66.32,2.808,210.4887,7.808,151315
1,2010-04-23,1391256.12,64.84,2.795,210.4391228,7.808,151315
1,2010-04-30,1425100.71,67.41,2.78,210.3895456,7.808,151315
1,2010-05-07,1603955.12,72.55,2.835,210.3399684,7.808,151315
1,2010-05-14,1494251.5,74.78,2.854,210.3374261,7.808,151315
1,2010-05-21,1399662.07,76.44,2.826,210.6170934,7.808,151315
1,2010-05-28,1432069.95,80.44,2.759,210.8967606,7.808,151315
1,2010-06-04,1615524.71,80.69,2.705,211.1764278,7.808,151315
1,2010-06-11,1542561.09,80.43,2.668,211.4560951,7.808,151315
1,2010-06-18,1503284.06,84.11,2.637,211.4537719,7.808,151315
1,2010-06-25,1422711.6,84.34,2.653,211.3386526,7.808,151315
1,2010-07-02,1492418.14,80.91,2.669,211.2235333,7.787,151315
1,2010-07-09,1546074.18,80.48,2.642,211.108414,7.787,151315
1,2010-07-16,1448938.92,83.15,2.623,211.1003854,7.787,151315
1,2010-07-23,1385065.2,83.36,2.608,211.2351443,7.787,151315
1,2010-07-30,1371986.6,81.84,2.64,211.3699032,7.787,151315
1,2010-08-06,1605491.78,87.16,2.627,211.5046621,7.787,151315
1,2010-08-13,1508237.76,87.0,2.692,211.6394211,7.787,151315
1,2010-08-20,1513080.49,86.65,2.664,211.6033633,7.787,151315
1,2010-08-27,1449142.92,85.22,2.619,211.5673056,7.787,151315
1,2010-09-03,1540163.53,81.21,2.577,211.5312479,7.787,151315
1,2010-09-10,1507460.69,78.69,2.565,211.4951902,7.787,151315
1,2010-09-17,1430378.67,82.11,2.582,211.5224596,7.787,151315
1,2010-09-24,1351791.03,80.94,2.624,211.5972246,7.787,151315
1,2010-10-01,1453329.5,71.89,2.603,211.6719895,7.838,151315
1,2010-10-08,1508239.93,63.93,2.633,211.7467544,7.838,151315
1,2010-10-15,1459409.1,67.18,2.72,211.8137436,7.838,151315
1,2010-10-22,1345454.0,69.86,2.725,211.8612937,7.838,151315
1,2010-10-29,1384209.22,69.64,2.716,211.9088438,7.838,151315
1,2010-11-05,1551659.28,58.74,2.689,211.9563939,7.838,151315
1,2010-11-12,1494479.49,59.61,2.728,212.003944,7.838,151315
1,2010-11-19,1483784.18,51.41,2.771,211.8896737,7.838,151315
1,2010-11-26,1955624.11,64.52,2.735,211.7484333,7.838,151315
1,2010-12-03,1548033.78,49.27,2.708,211.607193,7.838,151315
1,2010-12-10,1682614.26,46.33,2.843,211.4659526,7.838,151315
1,2010-12-17,1891034.93,49.84,2.869,211.4053124,7.838,151315
1,2010-12-24,2387950.2,52.33,2.886,211.4051222,7.838,151315
1,2010-12-31,1367320.01,48.43,2.943,211.4049321,7.838,151315
1,2011-01-07,1444732.28,48.27,2.976,211.4047419,7.742,151315
1,2011-01-14,1391013.96,35.4,2.983,211.4574109,7.742,151315
1,2011-01-21,1327405.42,44.04,3.016,211.8272343,7.742,151315
1,2011-01-28,1316899.31,43.83,3.01,212.1970577,7.742,151315
1,2011-02-04,1606629.58,42.27,2.989,212.5668812,7.742,151315
1,2011-02-11,1649614.93,36.39,3.022,212.9367046,7.742,151315
1,2011-02-18,1686842.78,57.36,3.045,213.2478853,7.742,151315
1,2011-02-25,1456800.28,62.9,3.065,213.535609,7.742,151315
1,2011-03-04,1636263.41,59.58,3.288,213.8233327,7.742,151315
1,2011-03-11,1553191.63,53.56,3.459,214.1110564,7.742,151315
1,2011-03-18,1576818.06,62.76,3.488,214.3627114,7.742,151315
1,2011-03-25,1541102.38,69.97,3.473,214.5999389,7.742,151315
1,2011-04-01,1495064.75,59.17,3.524,214.8371664,7.682,151315
1,2011-04-08,1614259.35,67.84,3.622,215.0743939,7.682,151315
1,2011-04-15,1559889.0,71.27,3.743,215.2918561,7.682,151315
1,2011-04-22,1564819.81,72.99,3.807,215.4599053,7.682,151315
1,2011-04-29,1455090.69,72.03,3.81,215.6279544,7.682,151315
1,2011-05-06,1629391.28,64.61,3.906,215.7960035,7.682,151315
1,2011-05-13,1604775.58,75.64,3.899,215.9640526,7.682,151315
1,2011-05-20,1428218.27,67.63,3.907,215.7339202,7.682,151315
1,2011-05-27,1466046.67,77.72,3.786,215.5037878,7.682,151315
1,2011-06-03,1635078.41,83.0,3.699,215.2736553,7.682,151315
1,2011-06-10,1588948.32,83.13,3.648,215.0435229,7.682,151315
1,2011-06-17,1532114.86,86.41,3.637,214.9980596,7.682,151315
1,2011-06-24,1438830.15,83.58,3.594,215.0910982,7.682,151315
1,2011-07-01,1488538.09,85.55,3.524,215.1841368,7.962,151315
1,2011-07-08,1534849.64,85.83,3.48,215.2771754,7.962,151315
1,2011-07-15,1455119.97,88.54,3.575,215.3611087,7.962,151315
1,2011-07-22,1396926.82,85.77,3.651,215.4222784,7.962,151315
1,2011-07-29,1352219.79,86.83,3.682,215.4834482,7.962,151315
1,2011-08-05,1624383.75,91.65,3.684,215.544618,7.962,151315
1,2011-08-12,1525147.09,90.76,3.638,215.6057878,7.962,151315
1,2011-08-19,1530761.43,89.94,3.554,215.6693107,7.962,151315
1,2011-08-26,1464693.46,87.96,3.523,215.7332258,7.962,151315
1,2011-09-02,1550229.22,87.83,3.533,215.7971409,7.962,151315
1,2011-09-09,1540471.24,76.0,3.546,215.861056,7.962,151315
1,2011-09-16,1514259.78,79.94,3.526,216.0410526,7.962,151315
1,2011-09-23,1380020.27,75.8,3.467,216.3758246,7.962,151315
1,2011-09-30,1394561.83,79.69,3.355,216.7105965,7.962,151315
1,2011-10-07,1630989.95,69.31,3.285,217.0453684,7.866,151315
1,2011-10-14,1493525.93,71.74,3.274,217.3552733,7.866,151315
1,2011-10-21,1502562.78,63.71,3.353,217.5159762,7.866,151315
1,2011-10-28,1445249.09,66.57,3.372,217.6766791,7.866,151315
1,2011-11-04,1697229.58,54.98,3.332,217.837382,7.866,151315
1,2011-11-11,1594938.89,59.11,3.297,217.9980849,7.866,151315
1,2011-11-18,1539483.7,62.25,3.308,218.2205088,7.866,151315
1,2011-11-25,2033320.66,60.14,3.236,218.4676211,7.866,151315
1,2011-12-02,1584083.95,48.91,3.172,218.7147333,7.866,151315
1,2011-12-09,1799682.38,43.93,3.158,218.9618456,7.866,151315
1,2011-12-16,1881176.67,51.63,3.159,219.1794533,7.866,151315
1,2011-12-23,2270188.99,47.96,3.112,219.3577216,7.866,151315
1,2011-12-30,1497462.72,44.55,3.129,219.5359898,7.866,151315
1,2012-01-06,1550369.92,49.01,3.157,219.7142581,7.348,151315
1,2012-01-13,1459601.17,48.53,3.261,219.8925263,7.348,151315
1,2012-01-20,1394393.84,54.11,3.268,219.9856893,7.348,151315
1,2012-01-27,1319325.59,54.26,3.29,220.0788523,7.348,151315
1,2012-02-03,1636339.65,56.55,3.36,220.1720153,7.348,151315
1,2012-02-10,1802477.43,48.02,3.409,220.2651783,7.348,151315
1,2012-02-17,1819870.0,45.32,3.51,220.4257586,7.348,151315
1,2012-02-24,1539387.83,57.25,3.555,220.636902,7.348,151315
1,2012-03-02,1688420.76,60.96,3.63,220.8480454,7.348,151315
1,2012-03-09,1675431.16,58.76,3.669,221.0591887,7.348,151315
1,2012-03-16,1677472.78,64.74,3.734,221.2118132,7.348,151315
1,2012-03-23,1511068.07,65.93,3.787,221.2864126,7.348,151315
1,2012-03-30,1649604.63,67.61,3.845,221.3610119,7.348,151315
1,2012-04-06,1899676.88,70.43,3.891,221.4356112,7.143,151315
1,2012-04-13,1621031.7,69.07,3.891,221.5102105,7.143,151315
2,2010-02-05,2136989.46,40.19,2.572,210.7526053,8.324,202307
2,2010-02-12,2137809.5,38.49,2.548,210.8979935,8.324,202307
2,2010-02-19,2124451.54,39.69,2.514,210.9451605,8.324,202307
2,2010-02-26,1865097.27,46.1,2.561,210.9759573,8.324,202307
2,2010-03-05,1991013.13,47.17,2.625,211.0067542,8.324,202307
2,2010-03-12,1990483.78,57.56,2.667,211.037551,8.324,202307
2,2010-03-19,1946070.88,54.52,2.72,210.8733316,8.324,202307
2,2010-03-26,1750197.81,51.26,2.732,210.6766095,8.324,202307
2,2010-04-02,2066187.72,63.27,2.719,210.4798874,8.2,202307
2,2010-04-09,1954689.21,65.41,2.77,210.2831653,8.2,202307
2,2010-04-16,1874957.94,68.07,2.808,210.1495463,8.2,202307
2,2010-04-23,1821990.93,65.11,2.795,210.1000648,8.2,202307
2,2010-04-30,1802450.29,66.98,2.78,210.0505833,8.2,202307
2,2010-05-07,2042581.71,71.28,2.835,210.0011018,8.2,202307
2,2010-05-14,1880752.36,73.31,2.854,209.9984585,8.2,202307
2,2010-05-21,1896937.1,74.83,2.826,210.2768443,8.2,202307
2,2010-05-28,1957113.89,81.13,2.759,210.5552301,8.2,202307
2,2010-06-04,2102539.93,81.81,2.705,210.833616,8.2,202307
2,2010-06-11,2025538.76,83.4,2.668,211.1120018,8.2,202307
2,2010-06-18,2001636.96,85.81,2.637,211.1096543,8.2,202307
2,2010-06-25,1939927.09,86.26,2.653,210.9950134,8.2,202307
2,2010-07-02,2003940.64,82.74,2.669,210.8803726,8.099,202307
2,2010-07-09,1880902.62,82.59,2.642,210.7657317,8.099,202307
2,2010-07-16,1845879.79,85.32,2.623,210.7577954,8.099,202307
2,2010-07-23,1781717.71,87.66,2.608,210.8921319,8.099,202307
2,2010-07-30,1804246.16,83.49,2.64,211.0264684,8.099,202307
2,2010-08-06,1991909.98,89.53,2.627,211.1608049,8.099,202307
2,2010-08-13,1895601.05,89.05,2.692,211.2951413,8.099,202307
2,2010-08-20,1964335.23,88.7,2.664,211.2596586,8.099,202307
2,2010-08-27,1863840.49,87.12,2.619,211.2241759,8.099,202307
2,2010-09-03,1904608.09,81.83,2.577,211.1886931,8.099,202307
2,2010-09-10,1839128.83,79.09,2.565,211.1532104,8.099,202307
2,2010-09-17,1793903.6,82.05,2.582,211.1806415,8.099,202307
2,2010-09-24,1724557.22,81.79,2.624,211.2552578,8.099,202307
2,2010-10-01,1827440.43,69.24,2.603,211.3298742,8.163,202307
2,2010-10-08,1849921.44,63.19,2.633,211.4044906,8.163,202307
2,2010-10-15,1794355.49,65.8,2.72,211.4713286,8.163,202307
2,2010-10-22,1737947.64,68.5,2.725,211.5187208,8.163,202307
2,2010-10-29,1802755.11,66.24,2.716,211.5661131,8.163,202307
2,2010-11-05,1939061.41,57.85,2.689,211.6135053,8.163,202307
2,2010-11-12,1916812.74,59.69,2.728,211.6608975,8.163,202307
2,2010-11-19,1956739.17,50.81,2.771,211.5470304,8.163,202307
2,2010-11-26,2658725.29,62.98,2.735,211.4062867,8.163,202307
2,2010-12-03,2015781.27,49.33,2.708,211.265543,8.163,202307
2,2010-12-10,2378726.55,45.5,2.843,211.1247993,8.163,202307
2,2010-12-17,2609166.75,47.55,2.869,211.0645458,8.163,202307
2,2010-12-24,3436007.68,49.97,2.886,211.0646599,8.163,202307
2,2010-12-31,1750434.55,47.3,2.943,211.064774,8.163,202307
2,2011-01-07,1758050.79,44.69,2.976,211.0648881,8.028,202307
2,2011-01-14,1744193.58,33.02,2.983,211.1176713,8.028,202307
2,2011-01-21,1751384.9,41.4,3.016,211.4864691,8.028,202307
2,2011-01-28,1695371.68,42.83,3.01,211.8552668,8.028,202307
2,2011-02-04,1929346.23,38.25,2.989,212.2240646,8.028,202307
2,2011-02-11,2168041.61,33.19,3.022,212.5928624,8.028,202307
2,2011-02-18,2080884.82,57.83,3.045,212.9033115,8.028,202307
2,2011-02-25,1833511.08,60.8,3.065,213.190421,8.028,202307
2,2011-03-04,1981607.78,57.77,3.288,213.4775305,8.028,202307
2,2011-03-11,1879107.31,52.7,3.459,213.7646401,8.028,202307
2,2011-03-18,1902557.66,62.32,3.488,214.0156238,8.028,202307
2,2011-03-25,1766162.05,69.42,3.473,214.2521573,8.028,202307
2,2011-04-01,1800171.36,55.43,3.524,214.4886908,7.931,202307
2,2011-04-08,1847552.61,67.0,3.622,214.7252242,7.931,202307
2,2011-04-15,1856467.84,69.48,3.743,214.9420631,7.931,202307
2,2011-04-22,1886339.6,69.39,3.807,215.1096657,7.931,202307
2,2011-04-29,1745545.28,69.21,3.81,215.2772683,7.931,202307
2,2011-05-06,1837743.6,61.48,3.906,215.4448709,7.931,202307
2,2011-05-13,1838513.07,74.61,3.899,215.6124735,7.931,202307
2,2011-05-20,1688281.86,67.14,3.907,215.3834778,7.931,202307
2,2011-05-27,1797732.56,76.42,3.786,215.1544822,7.931,202307
2,2011-06-03,1933756.21,83.07,3.699,214.9254865,7.931,202307
2,2011-06-10,1929153.16,83.4,3.648,214.6964908,7.931,202307
2,2011-06-17,1953771.99,86.53,3.637,214.6513538,7.931,202307
2,2011-06-24,1790925.8,85.17,3.594,214.7441108,7.931,202307
2,2011-07-01,1866243.0,85.69,3.524,214.8368678,7.852,202307
2,2011-07-08,1853161.99,87.7,3.48,214.9296249,7.852,202307
2,2011-07-15,1785187.29,89.83,3.575,215.0134426,7.852,202307
2,2011-07-22,1743816.41,89.34,3.651,215.0749122,7.852,202307
2,2011-07-29,1680693.06,90.07,3.682,215.1363819,7.852,202307
2,2011-08-05,1876704.26,93.34,3.684,215.1978515,7.852,202307
2,2011-08-12,1812768.26,91.58,3.638,215.2593211,7.852,202307
2,2011-08-19,1844094.59,89.86,3.554,215.3229307,7.852,202307
2,2011-08-26,1821139.91,90.45,3.523,215.386897,7.852,202307
2,2011-09-02,1809119.7,89.64,3.533,215.4508632,7.852,202307
2,2011-09-09,1748000.65,77.97,3.546,215.5148295,7.852,202307
2,2011-09-16,1691439.52,78.85,3.526,215.6944378,7.852,202307
2,2011-09-23,1669299.78,75.58,3.467,216.0282356,7.852,202307
2,2011-09-30,1650394.44,78.14,3.355,216.3620333,7.852,202307
2,2011-10-07,1837553.43,69.92,3.285,216.6958311,7.441,202307
2,2011-10-14,1743882.19,71.67,3.274,217.0048261,7.441,202307
2,2011-10-21,1834680.25,64.53,3.353,217.1650042,7.441,202307
2,2011-10-28,1769296.25,65.87,3.372,217.3251824,7.441,202307
2,2011-11-04,1959707.9,55.53,3.332,217.4853605,7.441,202307
2,2011-11-11,1920725.15,59.33,3.297,217.6455387,7.441,202307
2,2011-11-18,1902762.5,62.01,3.308,217.8670218,7.441,202307
2,2011-11-25,2614202.3,56.36,3.236,218.1130269,7.441,202307
2,2011-12-02,1954952.0,48.74,3.172,218.3590319,7.441,202307
2,2011-12-09,2290549.32,41.76,3.158,218.605037,7.441,202307
2,2011-12-16,2432736.52,50.13,3.159,218.8217928,7.441,202307
2,2011-12-23,3224369.8,46.66,3.112,218.9995495,7.441,202307
2,2011-12-30,1874226.52,44.57,3.129,219.1773063,7.441,202307
2,2012-01-06,1799520.14,46.75,3.157,219.355063,7.057,202307
2,2012-01-13,1744725.48,45.99,3.261,219.5328198,7.057,202307
2,2012-01-20,1711769.11,51.7,3.268,219.6258417,7.057,202307
2,2012-01-27,1660906.14,50.5,3.29,219.7188636,7.057,202307
2,2012-02-03,1935299.94,55.21,3.36,219.8118854,7.057,202307
2,2012-02-10,2103322.68,46.98,3.409,219.9049073,7.057,202307
2,2012-02-17,2196688.46,43.82,3.51,220.0651993,7.057,202307
2,2012-02-24,1861802.7,54.63,3.555,220.275944,7.057,202307
2,2012-03-02,1952555.66,58.79,3.63,220.4866886,7.057,202307
2,2012-03-09,1937628.26,57.11,3.669,220.6974332,7.057,202307
2,2012-03-16,1976082.13,63.68,3.734,220.8498468,7.057,202307
2,2012-03-23,1790439.16,64.01,3.787,220.9244858,7.057,202307
2,2012-03-30,1857480.84,66.83,3.845,220.9991248,7.057,202307
2,2012-04-06,2129035.91,68.43,3.891,221.0737638,6.891,202307
2,2012-04-13,1935869.1,68.08,3.891,221.1484028,6.891,202307
3,2010-02-05,461622.22,45.71,2.572,214.4248812,7.368,37392
3,2010-02-12,420728.96,47.93,2.548,214.5747916,7.368,37392
3,2010-02-19,421642.19,47.07,2.514,214.6198868,7.368,37392
3,2010-02-26,407204.86,52.05,2.561,214.6475127,7.368,37392
3,2010-03-05,415202.04,53.04,2.625,214.6751386,7.368,37392
3,2010-03-12,384200.69,63.08,2.667,214.7027646,7.368,37392
3,2010-03-19,375328.59,60.42,2.72,214.5301219,7.368,37392
3,2010-03-26,359949.27,57.06,2.732,214.3241011,7.368,37392
3,2010-04-02,423294.4,65.56,2.719,214.1180803,7.343,37392
3,2010-04-09,415870.28,68.0,2.77,213.9120595,7.343,37392
3,2010-04-16,354993.26,66.98,2.808,213.7726889,7.343,37392
3,2010-04-23,339976.65,67.87,2.795,213.7221852,7.343,37392
3,2010-04-30,361248.39,70.24,2.78,213.6716815,7.343,37392
3,2010-05-07,399323.86,73.47,2.835,213.6211778,7.343,37392
3,2010-05-14,384357.94,77.18,2.854,213.6196139,7.343,37392
3,2010-05-21,343763.17,75.81,2.826,213.9116886,7.343,37392
3,2010-05-28,350089.23,78.6,2.759,214.2037634,7.343,37392
3,2010-06-04,396968.8,78.53,2.705,214.4958382,7.343,37392
3,2010-06-11,355017.09,82.1,2.668,214.787913,7.343,37392
3,2010-06-18,364076.85,83.52,2.637,214.7858259,7.343,37392
3,2010-06-25,357346.48,83.79,2.653,214.6660741,7.343,37392
3,2010-07-02,381151.72,82.2,2.669,214.5463222,7.346,37392
3,2010-07-09,349214.18,81.75,2.642,214.4265704,7.346,37392
3,2010-07-16,352728.78,84.32,2.623,214.4176476,7.346,37392
3,2010-07-23,352864.49,83.32,2.608,214.5564968,7.346,37392
3,2010-07-30,347955.05,82.04,2.64,214.695346,7.346,37392
3,2010-08-06,402635.76,85.13,2.627,214.8341952,7.346,37392
3,2010-08-13,339597.38,86.74,2.692,214.9730444,7.346,37392
3,2010-08-20,351728.21,88.02,2.664,214.9314191,7.346,37392
3,2010-08-27,362134.09,86.15,2.619,214.8897938,7.346,37392
3,2010-09-03,366473.97,84.16,2.577,214.8481685,7.346,37392
3,2010-09-10,352260.97,80.84,2.565,214.8065431,7.346,37392
3,2010-09-17,363064.64,82.36,2.582,214.8322484,7.346,37392
3,2010-09-24,355626.87,76.9,2.624,214.9084516,7.346,37392
3,2010-10-01,358784.1,73.6,2.603,214.9846548,7.564,37392
3,2010-10-08,395107.35,66.99,2.633,215.060858,7.564,37392
3,2010-10-15,345584.39,69.71,2.72,215.1293114,7.564,37392
3,2010-10-22,348895.98,71.64,2.725,215.17839,7.564,37392
3,2010-10-29,348591.74,72.04,2.716,215.2274686,7.564,37392
3,2010-11-05,423175.56,62.94,2.689,215.2765472,7.564,37392
3,2010-11-12,386635.03,62.79,2.728,215.3256258,7.564,37392
3,2010-11-19,372545.32,57.72,2.771,215.2074519,7.564,37392
3,2010-11-26,565567.84,68.71,2.735,215.0614025,7.564,37392
3,2010-12-03,476420.77,53.76,2.708,214.9153531,7.564,37392
3,2010-12-10,467642.03,51.13,2.843,214.7693037,7.564,37392
3,2010-12-17,498159.39,52.2,2.869,214.704919,7.564,37392
3,2010-12-24,605990.41,57.16,2.886,214.7017828,7.564,37392
3,2010-12-31,382677.76,53.2,2.943,214.6986466,7.564,37392
3,2011-01-07,378241.34,53.35,2.976,214.6955104,7.551,37392
3,2011-01-14,381061.1,44.76,2.983,214.7470729,7.551,37392
3,2011-01-21,350876.7,50.74,3.016,215.1268275,7.551,37392
3,2011-01-28,364866.24,48.71,3.01,215.5065821,7.551,37392
3,2011-02-04,438516.53,45.95,2.989,215.8863367,7.551,37392
3,2011-02-11,430526.21,43.57,3.022,216.2660913,7.551,37392
3,2011-02-18,432782.1,61.58,3.045,216.5843571,7.551,37392
3,2011-02-25,397211.19,67.4,3.065,216.8780275,7.551,37392
3,2011-03-04,437084.51,65.11,3.288,217.1716979,7.551,37392
3,2011-03-11,404753.3,61.29,3.459,217.4653683,7.551,37392
3,2011-03-18,392109.51,69.47,3.488,217.7235226,7.551,37392
3,2011-03-25,380683.67,72.94,3.473,217.9674705,7.551,37392
3,2011-04-01,374556.08,68.76,3.524,218.2114184,7.574,37392
3,2011-04-08,384075.31,72.55,3.622,218.4553663,7.574,37392
3,2011-04-15,366250.69,75.88,3.743,218.6788642,7.574,37392
3,2011-04-22,391860.04,76.91,3.807,218.851237,7.574,37392
3,2011-04-29,367405.4,78.69,3.81,219.0236099,7.574,37392
3,2011-05-06,413042.12,69.45,3.906,219.1959827,7.574,37392
3,2011-05-13,386312.68,79.87,3.899,219.3683556,7.574,37392
3,2011-05-20,364603.13,75.79,3.907,219.127216,7.574,37392
3,2011-05-27,369350.6,84.41,3.786,218.8860765,7.574,37392
3,2011-06-03,394507.84,84.29,3.699,218.6449369,7.574,37392
3,2011-06-10,391638.75,84.84,3.648,218.4037974,7.574,37392
3,2011-06-17,403423.34,86.96,3.637,218.3551748,7.574,37392
3,2011-06-24,385520.71,84.94,3.594,218.45094,7.574,37392
3,2011-07-01,368962.72,85.1,3.524,218.5467052,7.567,37392
3,2011-07-08,395146.24,85.38,3.48,218.6424704,7.567,37392
3,2011-07-15,373454.33,87.14,3.575,218.7275216,7.567,37392
3,2011-07-22,360617.37,86.19,3.651,218.7857881,7.567,37392
3,2011-07-29,345381.29,88.07,3.682,218.8440545,7.567,37392
3,2011-08-05,409981.25,88.45,3.684,218.9023209,7.567,37392
3,2011-08-12,380376.85,88.88,3.638,218.9605873,7.567,37392
3,2011-08-19,379716.91,88.44,3.554,219.023271,7.567,37392
3,2011-08-26,366367.55,87.67,3.523,219.0866908,7.567,37392
3,2011-09-02,375988.69,89.12,3.533,219.1501106,7.567,37392
3,2011-09-09,377347.49,81.72,3.546,219.2135305,7.567,37392
3,2011-09-16,375629.51,83.63,3.526,219.3972867,7.567,37392
3,2011-09-23,365248.94,80.19,3.467,219.7414914,7.567,37392
3,2011-09-30,368477.93,82.58,3.355,220.085696,7.567,37392
3,2011-10-07,403342.4,75.54,3.285,220.4299007,7.197,37392
3,2011-10-14,368282.57,73.75,3.274,220.7486167,7.197,37392
3,2011-10-21,394976.36,69.03,3.353,220.9144005,7.197,37392
3,2011-10-28,389540.62,71.04,3.372,221.0801842,7.197,37392
3,2011-11-04,459443.22,59.31,3.332,221.245968,7.197,37392
3,2011-11-11,407764.25,61.7,3.297,221.4117517,7.197,37392
3,2011-11-18,398838.97,63.91,3.308,221.6432852,7.197,37392
3,2011-11-25,556925.19,68.0,3.236,221.9011185,7.197,37392
3,2011-12-02,472511.32,54.97,3.172,222.1589519,7.197,37392
3,2011-12-09,468772.8,49.26,3.158,222.4167852,7.197,37392
3,2011-12-16,510747.62,57.95,3.159,222.6426418,7.197,37392
3,2011-12-23,551221.21,53.41,3.112,222.8258628,7.197,37392
3,2011-12-30,410553.88,48.29,3.129,223.0090839,7.197,37392
3,2012-01-06,398178.21,52.42,3.157,223.1923049,6.833,37392
3,2012-01-13,367438.62,51.86,3.261,223.3755259,6.833,37392
3,2012-01-20,365818.61,56.2,3.268,223.4700552,6.833,37392
3,2012-01-27,349518.1,58.06,3.29,223.5645845,6.833,37392
3,2012-02-03,424960.66,59.33,3.36,223.6591137,6.833,37392
3,2012-02-10,473292.47,51.65,3.409,223.753643,6.833,37392
3,2012-02-17,475591.08,52.39,3.51,223.9170153,6.833,37392
3,2012-02-24,418925.47,60.12,3.555,224.1320199,6.833,37392
3,2012-03-02,469752.56,61.65,3.63,224.3470245,6.833,37392
3,2012-03-09,445162.05,60.71,3.669,224.5620291,6.833,37392
3,2012-03-16,411775.8,64.0,3.734,224.7166953,6.833,37392
3,2012-03-23,413907.25,66.53,3.787,224.7909104,6.833,37392
3,2012-03-30,407488.84,69.36,3.845,224.8651254,6.833,37392
3,2012-04-06,503232.13,73.01,3.891,224.9393405,6.664,37392
3,2012-04-13,420789.74,72.83,3.891,225.0135556,6.664,37392
4,2010-02-05,2135143.87,43.76,2.598,126.4420645,8.623,205863
4,2010-02-12,2188307.39,28.84,2.573,126.4962581,8.623,205863
4,2010-02-19,2049860.26,36.45,2.54,126.5262857,8.623,205863
4,2010-02-26,1925728.84,41.36,2.59,126.5522857,8.623,205863
4,2010-03-05,1971057.44,43.49,2.654,126.5782857,8.623,205863
4,2010-03-12,1894324.09,49.63,2.704,126.6042857,8.623,205863
4,2010-03-19,1897429.36,55.19,2.743,126.6066452,8.623,205863
4,2010-03-26,1762539.3,39.91,2.752,126.6050645,8.623,205863
4,2010-04-02,1979247.12,48.77,2.74,126.6034839,7.896,205863
4,2010-04-09,1818452.72,54.16,2.773,126.6019032,7.896,205863
4,2010-04-16,1851519.69,56.23,2.81,126.5621,7.896,205863
4,2010-04-23,1802677.9,56.87,2.805,126.4713333,7.896,205863
4,2010-04-30,1817273.28,53.04,2.787,126.3805667,7.896,205863
4,2010-05-07,2000626.14,56.77,2.836,126.2898,7.896,205863
4,2010-05-14,1875597.28,62.35,2.845,126.2085484,7.896,205863
4,2010-05-21,1903752.6,67.4,2.82,126.1843871,7.896,205863
4,2010-05-28,1857533.7,67.73,2.756,126.1602258,7.896,205863
4,2010-06-04,1903290.58,70.83,2.701,126.1360645,7.896,205863
4,2010-06-11,1870619.23,78.45,2.668,126.1119032,7.896,205863
4,2010-06-18,1929736.35,81.53,2.635,126.114,7.896,205863
4,2010-06-25,1846651.95,81.1,2.654,126.1266,7.896,205863
4,2010-07-02,1881337.21,73.66,2.668,126.1392,7.372,205863
4,2010-07-09,1812208.22,80.35,2.637,126.1518,7.372,205863
4,2010-07-16,1898427.66,78.53,2.621,126.1498065,7.372,205863
4,2010-07-23,1848426.78,79.78,2.612,126.1283548,7.372,205863
4,2010-07-30,1796637.61,80.7,2.65,126.1069032,7.372,205863
4,2010-08-06,1907638.58,76.53,2.64,126.0854516,7.372,205863
4,2010-08-13,2007050.75,78.08,2.698,126.064,7.372,205863
4,2010-08-20,1997181.09,78.83,2.671,126.0766452,7.372,205863
4,2010-08-27,1848403.92,74.44,2.621,126.0892903,7.372,205863
4,2010-09-03,1935857.58,76.8,2.584,126.1019355,7.372,205863
4,2010-09-10,1865820.81,73.54,2.574,126.1145806,7.372,205863
4,2010-09-17,1899959.61,64.91,2.594,126.1454667,7.372,205863
4,2010-09-24,1810684.68,60.96,2.642,126.1900333,7.372,205863
4,2010-10-01,1842821.02,63.96,2.619,126.2346,7.127,205863
4,2010-10-08,1951494.85,67.73,2.645,126.2791667,7.127,205863
4,2010-10-15,1867345.09,62.03,2.732,126.3266774,7.127,205863
4,2010-10-22,1927610.06,64.17,2.736,126.3815484,7.127,205863
4,2010-10-29,1933333.0,56.94,2.718,126.4364194,7.127,205863
4,2010-11-05,2013115.79,51.6,2.699,126.4912903,7.127,205863
4,2010-11-12,1999794.26,52.65,2.741,126.5461613,7.127,205863
4,2010-11-19,2097809.4,48.05,2.78,126.6072,7.127,205863
4,2010-11-26,2789469.45,48.08,2.752,126.6692667,7.127,205863
4,2010-12-03,2102530.17,46.4,2.727,126.7313333,7.127,205863
4,2010-12-10,2302504.86,42.4,2.86,126.7934,7.127,205863
4,2010-12-17,2740057.14,46.57,2.884,126.8794839,7.127,205863
4,2010-12-24,3526713.39,43.21,2.887,126.9835806,7.127,205863
4,2010-12-31,1794868.74,38.09,2.955,127.0876774,7.127,205863
4,2011-01-07,1862476.27,39.34,2.98,127.1917742,6.51,205863
4,2011-01-14,1865502.46,31.6,2.992,127.3009355,6.51,205863
4,2011-01-21,1886393.94,38.34,3.017,127.4404839,6.51,205863
4,2011-01-28,1814240.85,40.6,3.022,127.5800323,6.51,205863
4,2011-02-04,2119086.04,34.61,2.996,127.7195806,6.51,205863
4,2011-02-11,2187847.29,33.29,3.033,127.859129,6.51,205863
4,2011-02-18,2316495.56,48.17,3.058,127.99525,6.51,205863
4,2011-02-25,2078094.69,49.0,3.087,128.13,6.51,205863
4,2011-03-04,2103455.75,46.56,3.305,128.26475,6.51,205863
4,2011-03-11,2039818.41,50.93,3.461,128.3995,6.51,205863
4,2011-03-18,2116475.38,51.86,3.495,128.5121935,6.51,205863
4,2011-03-25,1944164.32,59.1,3.48,128.6160645,6.51,205863
4,2011-04-01,1900246.47,56.99,3.521,128.7199355,5.946,205863
4,2011-04-08,2074953.46,62.61,3.605,128.8238065,5.946,205863
4,2011-04-15,1960587.76,62.34,3.724,128.9107333,5.946,205863
4,2011-04-22,2220600.76,68.8,3.781,128.9553,5.946,205863
4,2011-04-29,1878167.44,64.22,3.781,128.9998667,5.946,205863
4,2011-05-06,2063682.76,63.41,3.866,129.0444333,5.946,205863
4,2011-05-13,2002362.37,70.65,3.872,129.089,5.946,205863
4,2011-05-20,2015563.48,70.49,3.881,129.0756774,5.946,205863
4,2011-05-27,1986597.95,73.65,3.771,129.0623548,5.946,205863
4,2011-06-03,2065377.15,78.26,3.683,129.0490323,5.946,205863
4,2011-06-10,2073951.38,80.05,3.64,129.0357097,5.946,205863
4,2011-06-17,2141210.62,83.51,3.618,129.0432,5.946,205863
4,2011-06-24,2008344.92,81.85,3.57,129.0663,5.946,205863
4,2011-07-01,2051533.53,84.54,3.504,129.0894,5.644,205863
4,2011-07-08,2066541.86,84.59,3.469,129.1125,5.644,205863
4,2011-07-15,2049046.95,83.27,3.563,129.1338387,5.644,205863
4,2011-07-22,2036231.39,82.84,3.627,129.1507742,5.644,205863
4,2011-07-29,1989674.07,84.36,3.659,129.1677097,5.644,205863
4,2011-08-05,2160057.39,86.09,3.662,129.1846452,5.644,205863
4,2011-08-12,2105668.74,82.98,3.617,129.2015806,5.644,205863
4,2011-08-19,2232892.1,82.77,3.55,129.2405806,5.644,205863
4,2011-08-26,1988490.21,81.47,3.523,129.2832581,5.644,205863
4,2011-09-02,2078420.31,77.99,3.533,129.3259355,5.644,205863
4,2011-09-09,2093139.01,73.34,3.554,129.3686129,5.644,205863
4,2011-09-16,2075577.33,72.76,3.532,129.4306,5.644,205863
4,2011-09-23,2031406.41,69.23,3.473,129.5183333,5.644,205863
4,2011-09-30,1929486.63,72.15,3.371,129.6060667,5.644,205863
4,2011-10-07,2166737.65,65.79,3.299,129.6938,5.143,205863
4,2011-10-14,2074548.85,63.75,3.283,129.7706452,5.143,205863
4,2011-10-21,2207742.13,64.79,3.361,129.7821613,5.143,205863
4,2011-10-28,2151659.59,55.31,3.362,129.7936774,5.143,205863
4,2011-11-04,2281217.31,49.86,3.322,129.8051935,5.143,205863
4,2011-11-11,2203028.96,47.12,3.286,129.8167097,5.143,205863
4,2011-11-18,2243946.59,50.44,3.294,129.8268333,5.143,205863
4,2011-11-25,3004702.33,47.96,3.225,129.8364,5.143,205863
4,2011-12-02,2180999.26,38.71,3.176,129.8459667,5.143,205863
4,2011-12-09,2508955.24,31.64,3.153,129.8555333,5.143,205863
4,2011-12-16,2771397.17,36.44,3.149,129.8980645,5.143,205863
4,2011-12-23,3676388.98,35.92,3.103,129.9845484,5.143,205863
4,2011-12-30,2007105.86,36.89,3.119,130.0710323,5.143,205863
4,2012-01-06,2047766.07,38.64,3.158,130.1575161,4.607,205863
4,2012-01-13,1941676.61,34.41,3.263,130.244,4.607,205863
4,2012-01-20,2005097.76,42.09,3.273,130.2792258,4.607,205863
4,2012-01-27,1928720.51,40.31,3.29,130.3144516,4.607,205863
4,2012-02-03,2173373.91,41.81,3.354,130.3496774,4.607,205863
4,2012-02-10,2374660.64,33.0,3.411,130.3849032,4.607,205863
4,2012-02-17,2427640.17,34.19,3.493,130.4546207,4.607,205863
4,2012-02-24,2226662.17,41.31,3.541,130.5502069,4.607,205863
4,2012-03-02,2206319.9,50.38,3.619,130.6457931,4.607,205863
4,2012-03-09,2202450.81,53.63,3.667,130.7413793,4.607,205863
4,2012-03-16,2214967.44,59.81,3.707,130.8261935,4.607,205863
4,2012-03-23,2091592.54,59.07,3.759,130.8966452,4.607,205863
4,2012-03-30,2089381.77,72.63,3.82,130.9670968,4.607,205863
4,2012-04-06,2470206.13,67.69,3.864,131.0375484,4.308,205863
4,2012-04-13,2105301.39,68.69,3.881,131.108,4.308,205863
5,2010-02-05,317173.1,39.7,2.572,211.6539716,6.566,34875
5,2010-02-12,311825.7,39.81,2.548,211.8004698,6.566,34875
5,2010-02-19,303447.57,41.14,2.514,211.8471283,6.566,34875
5,2010-02-26,270281.63,46.7,2.561,211.8771468,6.566,34875
5,2010-03-05,288855.71,48.89,2.625,211.9071653,6.566,34875
5,2010-03-12,297293.59,58.5,2.667,211.9371839,6.566,34875
5,2010-03-19,281706.41,55.46,2.72,211.770897,6.566,34875
5,2010-03-26,273282.97,52.47,2.732,211.5718925,6.566,34875
5,2010-04-02,331406.0,63.18,2.719,211.372888,6.465,34875
5,2010-04-09,328020.49,65.19,2.77,211.1738835,6.465,34875
5,2010-04-16,306858.69,65.3,2.808,211.0388528,6.465,34875
5,2010-04-23,288839.73,65.13,2.795,210.9891204,6.465,34875
5,2010-04-30,298697.84,67.53,2.78,210.939388,6.465,34875
5,2010-05-07,333522.6,71.53,2.835,210.8896556,6.465,34875
5,2010-05-14,296673.77,74.79,2.854,210.8872772,6.465,34875
5,2010-05-21,301615.49,75.2,2.826,211.169023,6.465,34875
5,2010-05-28,310013.11,79.81,2.759,211.4507688,6.465,34875
5,2010-06-04,337825.89,79.54,2.705,211.7325146,6.465,34875
5,2010-06-11,296641.91,80.7,2.668,212.0142605,6.465,34875
5,2010-06-18,313795.6,83.91,2.637,212.0119769,6.465,34875
5,2010-06-25,295257.3,83.72,2.653,211.8960815,6.465,34875
5,2010-07-02,305993.27,81.25,2.669,211.7801861,6.496,34875
5,2010-07-09,291808.87,81.14,2.642,211.6642907,6.496,34875
5,2010-07-16,280701.7,83.98,2.623,211.6561123,6.496,34875
5,2010-07-23,274742.63,83.66,2.608,211.7915565,6.496,34875
5,2010-07-30,268929.03,82.46,2.64,211.9270006,6.496,34875
5,2010-08-06,303043.02,86.1,2.627,212.0624447,6.496,34875
5,2010-08-13,286477.35,87.41,2.692,212.1978889,6.496,34875
5,2010-08-20,287205.38,87.71,2.664,212.1608984,6.496,34875
5,2010-08-27,288519.75,87.05,2.619,212.123908,6.496,34875
5,2010-09-03,323798.0,84.06,2.577,212.0869176,6.496,34875
5,2010-09-10,306533.08,79.86,2.565,212.0499271,6.496,34875
5,2010-09-17,282558.65,82.28,2.582,212.0769346,6.496,34875
5,2010-09-24,293131.58,78.53,2.624,212.1519404,6.496,34875
5,2010-10-01,283178.12,71.1,2.603,212.2269463,6.768,34875
5,2010-10-08,290494.85,64.99,2.633,212.3019522,6.768,34875
5,2010-10-15,280681.2,68.11,2.72,212.3691867,6.768,34875
5,2010-10-22,284988.27,70.96,2.725,212.4169928,6.768,34875
5,2010-10-29,278031.81,70.58,2.716,212.464799,6.768,34875
5,2010-11-05,325310.3,58.88,2.689,212.5126051,6.768,34875
5,2010-11-12,301827.36,62.37,2.728,212.5604113,6.768,34875
5,2010-11-19,297384.81,52.52,2.771,212.445487,6.768,34875
5,2010-11-26,488362.61,66.15,2.735,212.303441,6.768,34875
5,2010-12-03,344490.88,51.31,2.708,212.1613951,6.768,34875
5,2010-12-10,352811.53,48.27,2.843,212.0193491,6.768,34875
5,2010-12-17,367801.19,51.61,2.869,211.9580815,6.768,34875
5,2010-12-24,466010.25,55.01,2.886,211.9573978,6.768,34875
5,2010-12-31,298180.18,49.79,2.943,211.9567142,6.768,34875
5,2011-01-07,286347.26,48.3,2.976,211.9560305,6.634,34875
5,2011-01-14,260636.71,37.74,2.983,212.008514,6.634,34875
5,2011-01-21,275313.34,45.41,3.016,212.3800012,6.634,34875
5,2011-01-28,279088.39,44.5,3.01,212.7514884,6.634,34875
5,2011-02-04,329613.2,41.67,2.989,213.1229755,6.634,34875
5,2011-02-11,311590.54,38.25,3.022,213.4944627,6.634,34875
5,2011-02-18,356622.61,58.83,3.045,213.8068304,6.634,34875
5,2011-02-25,294659.5,63.35,3.065,214.0955503,6.634,34875
5,2011-03-04,329033.66,60.35,3.288,214.3842702,6.634,34875
5,2011-03-11,293098.1,55.74,3.459,214.6729901,6.634,34875
5,2011-03-18,312177.67,64.31,3.488,214.9257339,6.634,34875
5,2011-03-25,294732.5,70.71,3.473,215.1640872,6.634,34875
5,2011-04-01,314316.55,61.5,3.524,215.4024406,6.489,34875
5,2011-04-08,307333.62,69.64,3.622,215.6407939,6.489,34875
5,2011-04-15,307913.58,72.02,3.743,215.8592673,6.489,34875
5,2011-04-22,328415.44,74.34,3.807,216.0280407,6.489,34875
5,2011-04-29,307291.56,74.75,3.81,216.1968142,6.489,34875
5,2011-05-06,322904.68,66.27,3.906,216.3655877,6.489,34875
5,2011-05-13,290930.01,77.38,3.899,216.5343611,6.489,34875
5,2011-05-20,299614.33,71.37,3.907,216.3023847,6.489,34875
5,2011-05-27,297149.69,80.14,3.786,216.0704083,6.489,34875
5,2011-06-03,329183.92,83.81,3.699,215.8384319,6.489,34875
5,2011-06-10,304984.14,83.61,3.648,215.6064555,6.489,34875
5,2011-06-17,304811.82,86.84,3.637,215.560463,6.489,34875
5,2011-06-24,302881.64,84.76,3.594,215.6539583,6.489,34875
5,2011-07-01,327093.89,85.81,3.524,215.7474537,6.529,34875
5,2011-07-08,310804.93,86.64,3.48,215.8409491,6.529,34875
5,2011-07-15,283248.62,88.64,3.575,215.9250696,6.529,34875
5,2011-07-22,292539.73,86.97,3.651,215.985753,6.529,34875
5,2011-07-29,275142.17,89.42,3.682,216.0464364,6.529,34875
5,2011-08-05,317738.56,91.07,3.684,216.1071198,6.529,34875
5,2011-08-12,289886.16,90.16,3.638,216.1678032,6.529,34875
5,2011-08-19,303643.84,89.35,3.554,216.2311855,6.529,34875
5,2011-08-26,310338.17,89.18,3.523,216.2950176,6.529,34875
5,2011-09-02,315645.53,90.38,3.533,216.3588498,6.529,34875
5,2011-09-09,321110.22,79.04,3.546,216.4226819,6.529,34875
5,2011-09-16,278529.71,83.55,3.526,216.6033083,6.529,34875
5,2011-09-23,291024.98,78.01,3.467,216.9396605,6.529,34875
5,2011-09-30,292315.38,81.16,3.355,217.2760127,6.529,34875
5,2011-10-07,309111.47,71.64,3.285,217.6123648,6.3,34875
5,2011-10-14,286117.72,72.36,3.274,217.9237458,6.3,34875
5,2011-10-21,306069.18,66.9,3.353,218.0852999,6.3,34875
5,2011-10-28,307035.11,69.27,3.372,218.2468539,6.3,34875
5,2011-11-04,353652.23,56.71,3.332,218.408408,6.3,34875
5,2011-11-11,311906.7,60.71,3.297,218.5699621,6.3,34875
5,2011-11-18,307944.37,64.33,3.308,218.793912,6.3,34875
5,2011-11-25,507900.07,61.93,3.236,219.0428204,6.3,34875
5,2011-12-02,376225.61,51.14,3.172,219.2917287,6.3,34875
5,2011-12-09,367433.77,44.12,3.158,219.540637,6.3,34875
5,2011-12-16,379530.3,54.42,3.159,219.7596266,6.3,34875
5,2011-12-23,458562.24,50.33,3.112,219.9387246,6.3,34875
5,2011-12-30,349624.88,45.62,3.129,220.1178226,6.3,34875
5,2012-01-06,312078.71,50.21,3.157,220.2969205,5.943,34875
5,2012-01-13,291454.52,48.86,3.261,220.4760185,5.943,34875
5,2012-01-20,287523.98,54.65,3.268,220.5694104,5.943,34875
5,2012-01-27,295974.22,54.63,3.29,220.6628023,5.943,34875
5,2012-02-03,333948.0,57.35,3.36,220.7561941,5.943,34875
5,2012-02-10,349239.88,48.57,3.409,220.849586,5.943,34875
5,2012-02-17,356427.98,48.25,3.51,221.0106341,5.943,34875
5,2012-02-24,312220.47,57.75,3.555,221.2224243,5.943,34875
5,2012-03-02,359206.21,60.66,3.63,221.4342146,5.943,34875
5,2012-03-09,347295.6,57.69,3.669,221.6460048,5.943,34875
5,2012-03-16,339392.54,63.55,3.734,221.7989713,5.943,34875
5,2012-03-23,321299.99,64.44,3.787,221.8735063,5.943,34875
5,2012-03-30,331318.73,67.76,3.845,221.9480412,5.943,34875
5,2012-04-06,402985.7,70.4,3.891,222.0225762,5.801,34875
5,2012-04-13,351832.03,70.56,3.891,222.0971111,5.801,34875
6,2010-02-05,1652635.1,40.43,2.572,212.6223518,7.259,202505
6,2010-02-12,1606283.86,40.57,2.548,212.7700425,7.259,202505
6,2010-02-19,1567138.07,43.58,2.514,212.8161546,7.259,202505
6,2010-02-26,1432953.21,47.1,2.561,212.845337,7.259,202505
6,2010-03-05,1601348.82,49.63,2.625,212.8745193,7.259,202505
6,2010-03-12,1558621.36,58.82,2.667,212.9037017,7.259,202505
6,2010-03-19,1693058.91,56.55,2.72,212.7351935,7.259,202505
6,2010-03-26,1472033.38,53.74,2.732,212.533737,7.259,202505
6,2010-04-02,1770333.9,64.94,2.719,212.3322805,7.092,202505
6,2010-04-09,1667181.82,66.15,2.77,212.1308239,7.092,202505
6,2010-04-16,1519846.36,65.68,2.808,211.9942765,7.092,202505
6,2010-04-23,1540435.99,64.11,2.795,211.9442745,7.092,202505
6,2010-04-30,1498080.16,68.91,2.78,211.8942725,7.092,202505
6,2010-05-07,1619920.04,73.68,2.835,211.8442706,7.092,202505
6,2010-05-14,1524059.4,74.95,2.854,211.8421769,7.092,202505
6,2010-05-21,1531938.44,74.8,2.826,212.1275324,7.092,202505
6,2010-05-28,1644470.66,78.89,2.759,212.412888,7.092,202505
6,2010-06-04,1857380.09,79.44,2.705,212.6982436,7.092,202505
6,2010-06-11,1685652.35,81.81,2.668,212.9835992,7.092,202505
6,2010-06-18,1677248.24,83.89,2.637,212.9813843,7.092,202505
6,2010-06-25,1640681.88,84.2,2.653,212.8641412,7.092,202505
6,2010-07-02,1759777.25,80.34,2.669,212.746898,6.973,202505
6,2010-07-09,1690317.99,80.93,2.642,212.6296549,6.973,202505
6,2010-07-16,1560120.8,83.75,2.623,212.6212163,6.973,202505
6,2010-07-23,1585240.92,83.9,2.608,212.7578505,6.973,202505
6,2010-07-30,1532308.78,81.37,2.64,212.8944846,6.973,202505
6,2010-08-06,1633241.59,86.61,2.627,213.0311188,6.973,202505
6,2010-08-13,1547654.98,86.83,2.692,213.1677529,6.973,202505
6,2010-08-20,1539930.5,87.36,2.664,213.1291427,6.973,202505
6,2010-08-27,1450766.12,85.71,2.619,213.0905324,6.973,202505
6,2010-09-03,1510925.32,82.15,2.577,213.0519222,6.973,202505
6,2010-09-10,1424225.44,78.78,2.565,213.013312,6.973,202505
6,2010-09-17,1308537.75,81.78,2.582,213.0398643,6.973,202505
6,2010-09-24,1275591.84,76.49,2.624,213.1152886,6.973,202505
6,2010-10-01,1328468.89,70.69,2.603,213.1907129,7.007,202505
6,2010-10-08,1360317.9,65.21,2.633,213.2661373,7.007,202505
6,2010-10-15,1344580.92,68.93,2.72,213.3337977,7.007,202505
6,2010-10-22,1332716.53,70.97,2.725,213.3820486,7.007,202505
6,2010-10-29,1385323.7,70.39,2.716,213.4302994,7.007,202505
6,2010-11-05,1505442.15,59.9,2.689,213.4785503,7.007,202505
6,2010-11-12,1495536.46,62.11,2.728,213.5268011,7.007,202505
6,2010-11-19,1518841.45,52.99,2.771,213.4107412,7.007,202505
6,2010-11-26,2267452.4,65.79,2.735,213.2672961,7.007,202505
6,2010-12-03,1677067.24,52.3,2.708,213.123851,7.007,202505
6,2010-12-10,1834737.58,48.46,2.843,212.9804059,7.007,202505
6,2010-12-17,2090268.95,52.24,2.869,212.918049,7.007,202505
6,2010-12-24,2727575.18,55.07,2.886,212.9165082,7.007,202505
6,2010-12-31,1464050.02,49.14,2.943,212.9149674,7.007,202505
6,2011-01-07,1350441.68,47.78,2.976,212.9134266,6.858,202505
6,2011-01-14,1306194.55,38.37,2.983,212.9655882,6.858,202505
6,2011-01-21,1261253.18,46.2,3.016,213.3399647,6.858,202505
6,2011-01-28,1287034.7,44.98,3.01,213.7143412,6.858,202505
6,2011-02-04,1514999.17,40.59,2.989,214.0887176,6.858,202505
6,2011-02-11,1486920.17,39.38,3.022,214.4630941,6.858,202505
6,2011-02-18,1572117.54,59.61,3.045,214.7775231,6.858,202505
6,2011-02-25,1422600.43,62.86,3.065,215.0679731,6.858,202505
6,2011-03-04,1502617.99,60.45,3.288,215.3584231,6.858,202505
6,2011-03-11,1494497.39,57.71,3.459,215.6488731,6.858,202505
6,2011-03-18,1685375.47,65.07,3.488,215.9035078,6.858,202505
6,2011-03-25,1438465.81,70.83,3.473,216.1438163,6.858,202505
6,2011-04-01,1459276.77,62.25,3.524,216.3841249,6.855,202505
6,2011-04-08,1534594.0,70.35,3.622,216.6244334,6.855,202505
6,2011-04-15,1448797.02,73.17,3.743,216.8446627,6.855,202505
6,2011-04-22,1639358.93,74.24,3.807,217.0146941,6.855,202505
6,2011-04-29,1479249.9,75.27,3.81,217.1847255,6.855,202505
6,2011-05-06,1504651.57,65.42,3.906,217.3547569,6.855,202505
6,2011-05-13,1453185.65,76.95,3.899,217.5247882,6.855,202505
6,2011-05-20,1382783.83,72.01,3.907,217.2896095,6.855,202505
6,2011-05-27,1523979.11,80.83,3.786,217.0544307,6.855,202505
6,2011-06-03,1705506.29,84.01,3.699,216.819252,6.855,202505
6,2011-06-10,1598643.65,84.49,3.648,216.5840732,6.855,202505
6,2011-06-17,1622150.33,87.08,3.637,216.5371616,6.855,202505
6,2011-06-24,1543365.9,85.51,3.594,216.6314502,6.855,202505
6,2011-07-01,1694551.15,87.0,3.524,216.7257388,6.925,202505
6,2011-07-08,1709373.62,88.36,3.48,216.8200275,6.925,202505
6,2011-07-15,1526801.24,88.93,3.575,216.9044732,6.925,202505
6,2011-07-22,1526506.08,88.06,3.651,216.964312,6.925,202505
6,2011-07-29,1483991.05,90.22,3.682,217.0241507,6.925,202505
6,2011-08-05,1601584.57,91.46,3.684,217.0839894,6.925,202505
6,2011-08-12,1484995.38,90.49,3.638,217.1438281,6.925,202505
6,2011-08-19,1493544.04,89.26,3.554,217.2069662,6.925,202505
6,2011-08-26,1420405.41,90.07,3.523,217.2706543,6.925,202505
6,2011-09-02,1481618.74,91.22,3.533,217.3343423,6.925,202505
6,2011-09-09,1483574.38,80.21,3.546,217.3980304,6.925,202505
6,2011-09-16,1351407.79,84.94,3.526,217.5797506,6.925,202505
6,2011-09-23,1336044.75,78.49,3.467,217.9188471,6.925,202505
6,2011-09-30,1307551.92,82.51,3.355,218.2579435,6.925,202505
6,2011-10-07,1481739.2,74.1,3.285,218.59704,6.551,202505
6,2011-10-14,1386520.99,71.24,3.274,218.9109844,6.551,202505
6,2011-10-21,1417922.37,68.53,3.353,219.0740167,6.551,202505
6,2011-10-28,1419445.12,69.51,3.372,219.237049,6.551,202505
6,2011-11-04,1523420.38,58.54,3.332,219.4000812,6.551,202505
6,2011-11-11,1536176.54,61.33,3.297,219.5631135,6.551,202505
6,2011-11-18,1524390.07,63.89,3.308,219.7897137,6.551,202505
6,2011-11-25,2249811.55,62.78,3.236,220.0417412,6.551,202505
6,2011-12-02,1688531.34,51.18,3.172,220.2937686,6.551,202505
6,2011-12-09,1903385.14,43.64,3.158,220.5457961,6.551,202505
6,2011-12-16,2034695.56,53.27,3.159,220.7671856,6.551,202505
6,2011-12-23,2644633.02,49.45,3.112,220.9477245,6.551,202505
6,2011-12-30,1598080.52,46.8,3.129,221.1282634,6.551,202505
6,2012-01-06,1395339.71,50.82,3.157,221.3088023,6.132,202505
6,2012-01-13,1344243.17,48.33,3.261,221.4893412,6.132,202505
6,2012-01-20,1326255.7,55.37,3.268,221.5831306,6.132,202505
6,2012-01-27,1315610.66,53.95,3.29,221.6769199,6.132,202505
6,2012-02-03,1496305.78,57.45,3.36,221.7707093,6.132,202505
6,2012-02-10,1620603.92,48.58,3.409,221.8644987,6.132,202505
6,2012-02-17,1632616.09,49.03,3.51,222.026359,6.132,202505
6,2012-02-24,1465187.71,59.17,3.555,222.2392726,6.132,202505
6,2012-03-02,1550385.65,60.32,3.63,222.4521862,6.132,202505
6,2012-03-09,1569304.4,57.89,3.669,222.6650998,6.132,202505
6,2012-03-16,1748010.29,62.8,3.734,222.8186603,6.132,202505
6,2012-03-23,1495143.62,63.71,3.787,222.8930835,6.132,202505
6,2012-03-30,1508933.26,67.91,3.845,222.9675066,6.132,202505
6,2012-04-06,1840131.19,71.6,3.891,223.0419298,5.964,202505
6,2012-04-13,1616394.45,71.29,3.891,223.1163529,5.964,202505
7,2010-02-05,496725.44,10.53,2.58,189.3816974,9.014,70713
7,2010-02-12,524104.92,25.9,2.572,189.4642725,9.014,70713
7,2010-02-19,506760.54,27.28,2.55,189.5340998,9.014,70713
7,2010-02-26,496083.24,24.91,2.586,189.6018023,9.014,70713
7,2010-03-05,491419.55,35.86,2.62,189.6695049,9.014,70713
7,2010-03-12,480452.1,27.25,2.684,189.7372075,9.014,70713
7,2010-03-19,574450.23,29.04,2.692,189.734262,9.014,70713
7,2010-03-26,514731.6,23.33,2.717,189.7195417,9.014,70713
7,2010-04-02,561145.14,38.26,2.725,189.7048215,8.963,70713
7,2010-04-09,484263.25,33.79,2.75,189.6901012,8.963,70713
7,2010-04-16,406228.19,41.89,2.765,189.6628845,8.963,70713
7,2010-04-23,404751.25,43.07,2.776,189.6190057,8.963,70713
7,2010-04-30,373655.61,38.99,2.766,189.575127,8.963,70713
7,2010-05-07,395453.83,40.07,2.771,189.5312483,8.963,70713
7,2010-05-14,372673.61,41.41,2.788,189.4904116,8.963,70713
7,2010-05-21,395195.65,46.6,2.776,189.467827,8.963,70713
7,2010-05-28,442734.55,54.24,2.737,189.4452425,8.963,70713
7,2010-06-04,509183.22,53.63,2.7,189.422658,8.963,70713
7,2010-06-11,498580.87,63.59,2.684,189.4000734,8.963,70713
7,2010-06-18,481144.09,52.7,2.674,189.4185259,8.963,70713
7,2010-06-25,553714.87,59.94,2.715,189.4533931,8.963,70713
7,2010-07-02,575570.77,61.31,2.728,189.4882603,9.017,70713
7,2010-07-09,593462.34,58.0,2.711,189.5231276,9.017,70713
7,2010-07-16,557166.35,62.19,2.699,189.6125456,9.017,70713
7,2010-07-23,570231.21,64.64,2.691,189.774698,9.017,70713
7,2010-07-30,603547.16,66.07,2.69,189.9368504,9.017,70713
7,2010-08-06,643854.17,61.7,2.69,190.0990028,9.017,70713
7,2010-08-13,598185.4,60.13,2.723,190.2611552,9.017,70713
7,2010-08-20,582353.17,59.59,2.732,190.2948237,9.017,70713
7,2010-08-27,554309.24,57.57,2.731,190.3284922,9.017,70713
7,2010-09-03,532765.05,49.84,2.773,190.3621607,9.017,70713
7,2010-09-10,535769.32,48.5,2.78,190.3958293,9.017,70713
7,2010-09-17,489408.53,48.56,2.8,190.4688287,9.017,70713
7,2010-09-24,488008.83,47.55,2.793,190.5713264,9.017,70713
7,2010-10-01,448998.73,49.99,2.759,190.6738241,9.137,70713
7,2010-10-08,480239.88,44.13,2.745,190.7763218,9.137,70713
7,2010-10-15,463370.48,35.86,2.762,190.8623087,9.137,70713
7,2010-10-22,472450.81,36.84,2.762,190.9070184,9.137,70713
7,2010-10-29,465493.15,34.78,2.748,190.951728,9.137,70713
7,2010-11-05,480512.44,49.44,2.729,190.9964377,9.137,70713
7,2010-11-12,507584.29,22.12,2.737,191.0411474,9.137,70713
7,2010-11-19,482528.36,25.56,2.758,191.0312172,9.137,70713
7,2010-11-26,835189.26,17.95,2.742,191.0121805,9.137,70713
7,2010-12-03,552811.62,21.88,2.712,190.9931437,9.137,70713
7,2010-12-10,599730.07,24.24,2.728,190.9741069,9.137,70713
7,2010-12-17,716388.81,20.74,2.778,191.0303376,9.137,70713
7,2010-12-24,1045124.88,26.04,2.781,191.1430189,9.137,70713
7,2010-12-31,729572.08,13.76,2.829,191.2557002,9.137,70713
7,2011-01-07,661163.94,10.09,2.882,191.3683815,8.818,70713
7,2011-01-14,547384.9,11.32,2.911,191.4784939,8.818,70713
7,2011-01-21,521539.46,25.4,2.973,191.5731924,8.818,70713
7,2011-01-28,513372.17,10.11,3.008,191.667891,8.818,70713
7,2011-02-04,558027.77,-2.06,3.011,191.7625895,8.818,70713
7,2011-02-11,559903.13,10.24,3.037,191.8572881,8.818,70713
7,2011-02-18,572387.47,17.3,3.051,191.9178331,8.818,70713
7,2011-02-25,546690.84,17.46,3.101,191.9647167,8.818,70713
7,2011-03-04,551378.39,21.84,3.232,192.0116004,8.818,70713
7,2011-03-11,558963.83,20.7,3.372,192.058484,8.818,70713
7,2011-03-18,635014.69,27.69,3.406,192.1237981,8.818,70713
7,2011-03-25,559061.58,25.69,3.414,192.1964844,8.818,70713
7,2011-04-01,513409.67,24.83,3.461,192.2691707,8.595,70713
7,2011-04-08,500552.16,30.64,3.532,192.3418571,8.595,70713
7,2011-04-15,423380.14,27.79,3.611,192.4225954,8.595,70713
7,2011-04-22,466594.89,31.84,3.636,192.5234638,8.595,70713
7,2011-04-29,410429.73,26.79,3.663,192.6243322,8.595,70713
7,2011-05-06,407012.47,26.54,3.735,192.7252006,8.595,70713
7,2011-05-13,414094.05,36.61,3.767,192.826069,8.595,70713
7,2011-05-20,424670.98,36.16,3.828,192.831317,8.595,70713
7,2011-05-27,457216.87,37.51,3.795,192.8365651,8.595,70713
7,2011-06-03,542295.37,45.77,3.763,192.8418131,8.595,70713
7,2011-06-10,621099.95,53.3,3.735,192.8470612,8.595,70713
7,2011-06-17,610991.35,48.79,3.697,192.9034759,8.595,70713
7,2011-06-24,640043.97,46.85,3.661,192.9982655,8.595,70713
7,2011-07-01,704344.21,58.54,3.597,193.0930552,8.622,70713
7,2011-07-08,761793.94,59.08,3.54,193.1878448,8.622,70713
7,2011-07-15,642748.21,54.37,3.532,193.3125484,8.622,70713
7,2011-07-22,688043.96,56.22,3.545,193.5120367,8.622,70713
7,2011-07-29,653382.62,56.66,3.547,193.711525,8.622,70713
7,2011-08-05,695392.84,55.91,3.554,193.9110133,8.622,70713
7,2011-08-12,670670.46,54.56,3.542,194.1105017,8.622,70713
7,2011-08-19,645156.21,56.06,3.499,194.2500634,8.622,70713
7,2011-08-26,629994.47,57.6,3.485,194.3796374,8.622,70713
7,2011-09-02,592355.24,53.4,3.511,194.5092113,8.622,70713
7,2011-09-09,613135.23,45.61,3.566,194.6387853,8.622,70713
7,2011-09-16,558981.45,43.67,3.596,194.7419707,8.622,70713
7,2011-09-23,536144.81,43.67,3.581,194.8099713,8.622,70713
7,2011-09-30,488880.26,47.34,3.538,194.8779718,8.622,70713
7,2011-10-07,525866.36,40.65,3.498,194.9459724,8.513,70713
7,2011-10-14,501959.19,32.65,3.491,195.0261012,8.513,70713
7,2011-10-21,558691.43,37.49,3.548,195.1789994,8.513,70713
7,2011-10-28,527339.52,28.82,3.55,195.3318977,8.513,70713
7,2011-11-04,564536.01,23.41,3.527,195.4847959,8.513,70713
7,2011-11-11,556015.59,19.53,3.505,195.6376941,8.513,70713
7,2011-11-18,539826.56,29.53,3.479,195.7184713,8.513,70713
7,2011-11-25,949075.87,27.6,3.424,195.7704,8.513,70713
7,2011-12-02,591907.88,20.38,3.378,195.8223287,8.513,70713
7,2011-12-09,653845.45,11.17,3.331,195.8742575,8.513,70713
7,2011-12-16,720242.19,15.2,3.266,195.9841685,8.513,70713
7,2011-12-23,1059715.27,12.19,3.173,196.1713893,8.513,70713
7,2011-12-30,815915.52,15.56,3.119,196.3586101,8.513,70713
7,2012-01-06,713117.66,18.67,3.095,196.5458309,8.256,70713
7,2012-01-13,593875.46,7.46,3.077,196.7330517,8.256,70713
7,2012-01-20,578002.85,27.41,3.055,196.7796652,8.256,70713
7,2012-01-27,541037.98,26.9,3.038,196.8262786,8.256,70713
7,2012-02-03,580453.32,22.2,3.031,196.8728921,8.256,70713
7,2012-02-10,563460.77,18.79,3.103,196.9195056,8.256,70713
7,2012-02-17,620908.18,27.03,3.113,196.9432711,8.256,70713
7,2012-02-24,603041.14,24.41,3.129,196.9499007,8.256,70713
7,2012-03-02,551058.13,21.64,3.191,196.9565303,8.256,70713
7,2012-03-09,579166.5,30.1,3.286,196.9631599,8.256,70713
7,2012-03-16,669205.73,37.29,3.486,197.0457208,8.256,70713
7,2012-03-23,615997.29,35.06,3.664,197.2295234,8.256,70713
7,2012-03-30,583322.2,44.99,3.75,197.4133259,8.256,70713
7,2012-04-06,621425.98,44.29,3.854,197.5971285,8.09,70713
7,2012-04-13,517420.23,41.43,3.901,197.780931,8.09,70713
8,2010-02-05,1004137.09,34.14,2.572,214.4714512,6.299,155078
8,2010-02-12,994801.4,33.34,2.548,214.6214189,6.299,155078
8,2010-02-19,963960.37,39.1,2.514,214.6664878,6.299,155078
8,2010-02-26,847592.11,37.91,2.561,214.6940735,6.299,155078
8,2010-03-05,881503.95,45.64,2.625,214.7216592,6.299,155078
8,2010-03-12,860336.16,49.76,2.667,214.7492449,6.299,155078
8,2010-03-19,839911.0,47.26,2.72,214.5764954,6.299,155078
8,2010-03-26,772539.12,46.51,2.732,214.3703567,6.299,155078
8,2010-04-02,914500.91,60.18,2.719,214.164218,6.29,155078
8,2010-04-09,916033.92,59.25,2.77,213.9580793,6.29,155078
8,2010-04-16,882917.12,62.66,2.808,213.8186357,6.29,155078
8,2010-04-23,850440.26,56.1,2.795,213.768119,6.29,155078
8,2010-04-30,778672.64,61.01,2.78,213.7176024,6.29,155078
8,2010-05-07,916820.96,62.68,2.835,213.6670857,6.29,155078
8,2010-05-14,873337.84,61.35,2.854,213.6655355,6.29,155078
8,2010-05-21,818333.21,66.03,2.826,213.9577839,6.29,155078
8,2010-05-28,868041.56,74.71,2.759,214.2500323,6.29,155078
8,2010-06-04,958225.41,75.71,2.705,214.5422806,6.29,155078
8,2010-06-11,914835.86,82.21,2.668,214.834529,6.29,155078
8,2010-06-18,869922.56,78.79,2.637,214.8324452,6.29,155078
8,2010-06-25,814919.11,81.78,2.653,214.7126286,6.29,155078
8,2010-07-02,852333.75,74.78,2.669,214.5928119,6.315,155078
8,2010-07-09,845289.77,72.49,2.642,214.4729952,6.315,155078
8,2010-07-16,848630.57,77.49,2.623,214.4640599,6.315,155078
8,2010-07-23,785515.88,78.29,2.608,214.6029664,6.315,155078
8,2010-07-30,787295.09,76.02,2.64,214.7418728,6.315,155078
8,2010-08-06,893399.77,80.37,2.627,214.8807793,6.315,155078
8,2010-08-13,867919.21,80.11,2.692,215.0196857,6.315,155078
8,2010-08-20,870676.44,79.36,2.664,214.9779825,6.315,155078
8,2010-08-27,888816.78,74.92,2.619,214.9362793,6.315,155078
8,2010-09-03,899036.47,76.14,2.577,214.894576,6.315,155078
8,2010-09-10,831425.2,74.34,2.565,214.8528728,6.315,155078
8,2010-09-17,836707.85,75.32,2.582,214.8785562,6.315,155078
8,2010-09-24,773725.08,72.21,2.624,214.9547795,6.315,155078
8,2010-10-01,804105.49,68.7,2.603,215.0310029,6.433,155078
8,2010-10-08,870349.86,62.94,2.633,215.1072262,6.433,155078
8,2010-10-15,826546.96,62.59,2.72,215.1757,6.433,155078
8,2010-10-22,836419.14,62.86,2.725,215.2248,6.433,155078
8,2010-10-29,830756.76,57.93,2.716,215.2739,6.433,155078
8,2010-11-05,927266.34,55.76,2.689,215.323,6.433,155078
8,2010-11-12,911538.98,54.89,2.728,215.3721,6.433,155078
8,2010-11-19,885608.04,43.86,2.771,215.2538714,6.433,155078
8,2010-11-26,1261693.16,51.07,2.735,215.1077548,6.433,155078
8,2010-12-03,952766.93,42.85,2.708,214.9616381,6.433,155078
8,2010-12-10,1069061.63,42.47,2.843,214.8155214,6.433,155078
8,2010-12-17,1220579.55,45.03,2.869,214.7510843,6.433,155078
8,2010-12-24,1511641.09,45.67,2.886,214.7479069,6.433,155078
8,2010-12-31,773586.49,41.47,2.943,214.7447295,6.433,155078
8,2011-01-07,873065.23,35.77,2.976,214.7415521,6.262,155078
8,2011-01-14,809646.66,31.62,2.983,214.7930991,6.262,155078
8,2011-01-21,822668.23,42.06,3.016,215.1729926,6.262,155078
8,2011-01-28,782256.66,39.26,3.01,215.5528862,6.262,155078
8,2011-02-04,944594.78,24.48,2.989,215.9327797,6.262,155078
8,2011-02-11,996147.39,28.26,3.022,216.3126733,6.262,155078
8,2011-02-18,1065108.64,50.64,3.045,216.6310383,6.262,155078
8,2011-02-25,917317.15,51.29,3.065,216.9247918,6.262,155078
8,2011-03-04,935266.43,53.18,3.288,217.2185454,6.262,155078
8,2011-03-11,900387.29,49.14,3.459,217.512299,6.262,155078
8,2011-03-18,898289.14,56.68,3.488,217.7705442,6.262,155078
8,2011-03-25,827968.36,59.74,3.473,218.0145862,6.262,155078
8,2011-04-01,878762.3,49.86,3.524,218.2586281,6.297,155078
8,2011-04-08,949825.83,65.62,3.622,218.50267,6.297,155078
8,2011-04-15,908278.74,63.55,3.743,218.7262524,6.297,155078
8,2011-04-22,937473.13,65.11,3.807,218.8986857,6.297,155078
8,2011-04-29,855014.77,62.29,3.81,219.071119,6.297,155078
8,2011-05-06,941457.34,58.92,3.906,219.2435524,6.297,155078
8,2011-05-13,895763.41,72.96,3.899,219.4159857,6.297,155078
8,2011-05-20,836049.89,65.54,3.907,219.1746922,6.297,155078
8,2011-05-27,857939.41,73.14,3.786,218.9333986,6.297,155078
8,2011-06-03,929222.16,82.05,3.699,218.6921051,6.297,155078
8,2011-06-10,897309.41,82.21,3.648,218.4508115,6.297,155078
8,2011-06-17,922048.41,84.73,3.637,218.4021448,6.297,155078
8,2011-06-24,864881.24,83.94,3.594,218.4979481,6.297,155078
8,2011-07-01,883683.35,87.26,3.524,218.5937514,6.425,155078
8,2011-07-08,861965.12,83.57,3.48,218.6895548,6.425,155078
8,2011-07-15,849925.37,84.26,3.575,218.7746217,6.425,155078
8,2011-07-22,829902.42,85.46,3.651,218.8328475,6.425,155078
8,2011-07-29,807082.19,86.46,3.682,218.8910733,6.425,155078
8,2011-08-05,892393.77,85.15,3.684,218.9492991,6.425,155078
8,2011-08-12,856796.1,86.05,3.638,219.0075249,6.425,155078
8,2011-08-19,895066.5,82.92,3.554,219.0701968,6.425,155078
8,2011-08-26,912542.82,84.69,3.523,219.1336097,6.425,155078
8,2011-09-02,891387.14,84.77,3.533,219.1970226,6.425,155078
8,2011-09-09,848358.09,69.01,3.546,219.2604355,6.425,155078
8,2011-09-16,870971.82,69.09,3.526,219.4442443,6.425,155078
8,2011-09-23,806444.29,68.72,3.467,219.788581,6.425,155078
8,2011-09-30,809049.37,72.2,3.355,220.1329176,6.425,155078
8,2011-10-07,929976.55,67.61,3.285,220.4772543,6.123,155078
8,2011-10-14,863188.26,61.74,3.274,220.7960935,6.123,155078
8,2011-10-21,905984.49,59.97,3.353,220.9619484,6.123,155078
8,2011-10-28,876712.31,56.86,3.372,221.1278032,6.123,155078
8,2011-11-04,947815.05,49.68,3.332,221.2936581,6.123,155078
8,2011-11-11,917088.48,50.56,3.297,221.4595129,6.123,155078
8,2011-11-18,897032.19,51.72,3.308,221.6911738,6.123,155078
8,2011-11-25,1235163.86,49.61,3.236,221.9491571,6.123,155078
8,2011-12-02,986601.46,40.82,3.172,222.2071405,6.123,155078
8,2011-12-09,1051922.95,30.51,3.158,222.4651238,6.123,155078
8,2011-12-16,1118163.94,39.79,3.159,222.6910959,6.123,155078
8,2011-12-23,1462254.05,38.16,3.112,222.8743862,6.123,155078
8,2011-12-30,858572.22,36.33,3.129,223.0576765,6.123,155078
8,2012-01-06,872113.23,43.47,3.157,223.2409668,5.825,155078
8,2012-01-13,817661.76,36.46,3.261,223.4242571,5.825,155078
8,2012-01-20,813954.82,46.81,3.268,223.5188055,5.825,155078
8,2012-01-27,778178.53,45.52,3.29,223.6133539,5.825,155078
8,2012-02-03,927610.69,45.56,3.36,223.7079023,5.825,155078
8,2012-02-10,1021400.42,35.71,3.409,223.8024507,5.825,155078
8,2012-02-17,1096232.89,37.51,3.51,223.9658621,5.825,155078
8,2012-02-24,928537.54,46.33,3.555,224.1809207,5.825,155078
8,2012-03-02,952264.91,50.95,3.63,224.3959793,5.825,155078
8,2012-03-09,960115.56,49.59,3.669,224.6110379,5.825,155078
8,2012-03-16,921178.39,56.63,3.734,224.7657327,5.825,155078
8,2012-03-23,874223.25,52.9,3.787,224.8399424,5.825,155078
8,2012-03-30,905935.29,66.69,3.845,224.9141521,5.825,155078
8,2012-04-06,1046816.59,62.18,3.891,224.9883618,5.679,155078
8,2012-04-13,909989.45,65.19,3.891,225.0625714,5.679,155078
9,2010-02-05,549505.55,38.01,2.572,214.6554591,6.415,125833
9,2010-02-12,552677.48,37.08,2.548,214.8056534,6.415,125833
9,2010-02-19,511327.9,43.06,2.514,214.8506185,6.415,125833
9,2010-02-26,473773.27,43.83,2.561,214.8780453,6.415,125833
9,2010-03-05,507297.88,48.43,2.625,214.9054721,6.415,125833
9,2010-03-12,494145.8,55.76,2.667,214.932899,6.415,125833
9,2010-03-19,485744.61,53.15,2.72,214.7597274,6.415,125833
9,2010-03-26,484946.56,51.8,2.732,214.5531227,6.415,125833
9,2010-04-02,545206.32,65.21,2.719,214.3465181,6.384,125833
9,2010-04-09,529384.31,64.95,2.77,214.1399135,6.384,125833
9,2010-04-16,485764.32,66.09,2.808,214.0001817,6.384,125833
9,2010-04-23,488683.57,61.26,2.795,213.9496138,6.384,125833
9,2010-04-30,491723.42,66.07,2.78,213.8990459,6.384,125833
9,2010-05-07,526128.61,68.58,2.835,213.848478,6.384,125833
9,2010-05-14,492792.8,70.53,2.854,213.8469819,6.384,125833
9,2010-05-21,506274.94,71.5,2.826,214.1399162,6.384,125833
9,2010-05-28,558143.53,77.12,2.759,214.4328505,6.384,125833
9,2010-06-04,586061.46,79.65,2.705,214.7257848,6.384,125833
9,2010-06-11,522715.68,83.75,2.668,215.0187191,6.384,125833
9,2010-06-18,513073.87,82.99,2.637,215.0166484,6.384,125833
9,2010-06-25,509263.28,85.02,2.653,214.8965756,6.384,125833
9,2010-07-02,528832.54,78.55,2.669,214.7765028,6.442,125833
9,2010-07-09,485389.15,78.51,2.642,214.6564301,6.442,125833
9,2010-07-16,474030.51,82.93,2.623,214.6474453,6.442,125833
9,2010-07-23,462676.5,84.49,2.608,214.7865779,6.442,125833
9,2010-07-30,468675.19,79.83,2.64,214.9257105,6.442,125833
9,2010-08-06,522815.45,87.09,2.627,215.064843,6.442,125833
9,2010-08-13,481897.98,86.85,2.692,215.2039756,6.442,125833
9,2010-08-20,499325.38,86.3,2.664,215.1619646,6.442,125833
9,2010-08-27,506789.66,84.01,2.619,215.1199536,6.442,125833
9,2010-09-03,511049.06,82.47,2.577,215.0779426,6.442,125833
9,2010-09-10,484835.2,77.7,2.565,215.0359315,6.442,125833
9,2010-09-17,463448.59,81.19,2.582,215.0615285,6.442,125833
9,2010-09-24,452905.22,77.15,2.624,215.1378313,6.442,125833
9,2010-10-01,495692.19,69.08,2.603,215.2141341,6.56,125833
9,2010-10-08,505069.21,65.35,2.633,215.290437,6.56,125833
9,2010-10-15,454769.68,67.36,2.72,215.3589917,6.56,125833
9,2010-10-22,466322.76,69.99,2.725,215.4081762,6.56,125833
9,2010-10-29,508801.61,64.43,2.716,215.4573607,6.56,125833
9,2010-11-05,517869.97,58.69,2.689,215.5065452,6.56,125833
9,2010-11-12,520846.68,61.59,2.728,215.5557297,6.56,125833
9,2010-11-19,519823.3,49.96,2.771,215.4372854,6.56,125833
9,2010-11-26,768070.53,60.18,2.735,215.2909028,6.56,125833
9,2010-12-03,578164.82,49.89,2.708,215.1445203,6.56,125833
9,2010-12-10,618121.82,46.1,2.843,214.9981378,6.56,125833
9,2010-12-17,685243.2,49.7,2.869,214.9334937,6.56,125833
9,2010-12-24,873347.55,50.93,2.886,214.9301534,6.56,125833
9,2010-12-31,459770.85,45.92,2.943,214.9268131,6.56,125833
9,2011-01-07,490981.78,41.82,2.976,214.9234729,6.416,125833
9,2011-01-14,458086.69,36.43,2.983,214.9749587,6.416,125833
9,2011-01-21,454021.69,44.72,3.016,215.3554013,6.416,125833
9,2011-01-28,463561.48,43.9,3.01,215.7358438,6.416,125833
9,2011-02-04,544612.28,31.82,2.989,216.1162864,6.416,125833
9,2011-02-11,555279.02,34.13,3.022,216.496729,6.416,125833
9,2011-02-18,610985.56,58.5,3.045,216.8154856,6.416,125833
9,2011-02-25,513107.2,59.01,3.065,217.1095679,6.416,125833
9,2011-03-04,542016.18,60.67,3.288,217.4036503,6.416,125833
9,2011-03-11,517783.5,54.75,3.459,217.6977326,6.416,125833
9,2011-03-18,515226.11,63.82,3.488,217.9563371,6.416,125833
9,2011-03-25,497488.4,68.79,3.473,218.2007506,6.416,125833
9,2011-04-01,520962.14,56.12,3.524,218.445164,6.38,125833
9,2011-04-08,561625.92,71.4,3.622,218.6895775,6.38,125833
9,2011-04-15,528420.28,71.9,3.743,218.9134935,6.38,125833
9,2011-04-22,549502.11,72.35,3.807,219.0861659,6.38,125833
9,2011-04-29,532226.2,70.85,3.81,219.2588382,6.38,125833
9,2011-05-06,545251.1,62.2,3.906,219.4315106,6.38,125833
9,2011-05-13,539126.0,77.66,3.899,219.6041829,6.38,125833
9,2011-05-20,518266.9,70.49,3.907,219.3622809,6.38,125833
9,2011-05-27,553834.04,80.42,3.786,219.1203788,6.38,125833
9,2011-06-03,587004.29,85.8,3.699,218.8784768,6.38,125833
9,2011-06-10,550076.32,85.81,3.648,218.6365747,6.38,125833
9,2011-06-17,558671.14,89.15,3.637,218.5877333,6.38,125833
9,2011-06-24,538745.93,86.74,3.594,218.6836874,6.38,125833
9,2011-07-01,537064.03,89.14,3.524,218.7796415,6.404,125833
9,2011-07-08,535983.13,89.04,3.48,218.8755955,6.404,125833
9,2011-07-15,512834.04,90.45,3.575,218.9607242,6.404,125833
9,2011-07-22,491449.94,89.08,3.651,219.0187895,6.404,125833
9,2011-07-29,471449.98,91.1,3.682,219.0768548,6.404,125833
9,2011-08-05,554879.67,91.52,3.684,219.1349201,6.404,125833
9,2011-08-12,520284.79,91.63,3.638,219.1929854,6.404,125833
9,2011-08-19,540819.44,85.8,3.554,219.2556109,6.404,125833
9,2011-08-26,542663.53,88.95,3.523,219.3189965,6.404,125833
9,2011-09-02,544643.33,89.33,3.533,219.382382,6.404,125833
9,2011-09-09,528784.86,75.65,3.546,219.4457675,6.404,125833
9,2011-09-16,500274.03,77.95,3.526,219.6297841,6.404,125833
9,2011-09-23,506743.78,74.42,3.467,219.9746423,6.404,125833
9,2011-09-30,508567.04,78.45,3.355,220.3195004,6.404,125833
9,2011-10-07,553836.98,72.62,3.285,220.6643585,6.054,125833
9,2011-10-14,529515.66,67.27,3.274,220.9836849,6.054,125833
9,2011-10-21,557075.21,65.46,3.353,221.1498206,6.054,125833
9,2011-10-28,548527.49,63.96,3.372,221.3159563,6.054,125833
9,2011-11-04,597855.07,54.46,3.332,221.4820921,6.054,125833
9,2011-11-11,594574.12,58.28,3.297,221.6482278,6.054,125833
9,2011-11-18,542414.27,58.8,3.308,221.8803923,6.054,125833
9,2011-11-25,814753.5,54.32,3.236,222.1389683,6.054,125833
9,2011-12-02,613115.21,46.84,3.172,222.3975443,6.054,125833
9,2011-12-09,630327.28,37.65,3.158,222.6561203,6.054,125833
9,2011-12-16,705557.97,47.31,3.159,222.8825484,6.054,125833
9,2011-12-23,905324.68,44.43,3.112,223.0661125,6.054,125833
9,2011-12-30,549788.36,43.41,3.129,223.2496766,6.054,125833
9,2012-01-06,519585.67,47.54,3.157,223.4332408,5.667,125833
9,2012-01-13,474964.6,42.44,3.261,223.6168049,5.667,125833
9,2012-01-20,480130.04,51.56,3.268,223.7114288,5.667,125833
9,2012-01-27,482451.21,49.38,3.29,223.8060527,5.667,125833
9,2012-02-03,549967.89,54.43,3.36,223.9006766,5.667,125833
9,2012-02-10,609736.12,44.03,3.409,223.9953006,5.667,125833
9,2012-02-17,658965.05,43.81,3.51,224.1588663,5.667,125833
9,2012-02-24,563578.79,53.67,3.555,224.3741384,5.667,125833
9,2012-03-02,619498.28,57.2,3.63,224.5894104,5.667,125833
9,2012-03-09,574955.95,54.03,3.669,224.8046825,5.667,125833
9,2012-03-16,550373.57,59.94,3.734,224.9594902,5.667,125833
9,2012-03-23,550791.32,58.79,3.787,225.0336786,5.667,125833
9,2012-03-30,574985.37,67.87,3.845,225.107867,5.667,125833
9,2012-04-06,677885.99,68.83,3.891,225.1820555,5.539,125833
9,2012-04-13,578539.86,69.19,3.891,225.2562439,5.539,125833
10,2010-02-05,2193048.75,54.34,2.962,126.4420645,9.765,126512
10,2010-02-12,2176028.52,49.96,2.828,126.4962581,9.765,126512
10,2010-02-19,2113432.58,58.22,2.915,126.5262857,9.765,126512
10,2010-02-26,2006774.96,52.77,2.825,126.5522857,9.765,126512
10,2010-03-05,1987090.09,55.92,2.877,126.5782857,9.765,126512
10,2010-03-12,1941346.13,52.33,3.034,126.6042857,9.765,126512
10,2010-03-19,1946875.06,61.46,3.054,126.6066452,9.765,126512
10,2010-03-26,1893532.46,60.05,2.98,126.6050645,9.765,126512
10,2010-04-02,2138651.97,63.66,3.086,126.6034839,9.524,126512
10,2010-04-09,2041069.37,65.29,3.004,126.6019032,9.524,126512
10,2010-04-16,1826241.44,69.74,3.109,126.5621,9.524,126512
10,2010-04-23,1829521.83,66.42,3.05,126.4713333,9.524,126512
10,2010-04-30,1790694.59,69.76,3.105,126.3805667,9.524,126512
10,2010-05-07,1921432.16,71.06,3.127,126.2898,9.524,126512
10,2010-05-14,1808056.41,73.88,3.145,126.2085484,9.524,126512
10,2010-05-21,1847613.58,78.32,3.12,126.1843871,9.524,126512
10,2010-05-28,1904618.17,76.67,3.058,126.1602258,9.524,126512
10,2010-06-04,1931406.28,82.82,2.941,126.1360645,9.524,126512
10,2010-06-11,1827521.71,89.67,3.057,126.1119032,9.524,126512
10,2010-06-18,1837636.24,83.49,2.935,126.114,9.524,126512
10,2010-06-25,1768172.31,90.32,3.084,126.1266,9.524,126512
10,2010-07-02,1845893.87,92.89,2.978,126.1392,9.199,126512
10,2010-07-09,1769793.37,91.03,3.1,126.1518,9.199,126512
10,2010-07-16,1828052.47,91.8,2.971,126.1498065,9.199,126512
10,2010-07-23,1831676.03,88.44,3.112,126.1283548,9.199,126512
10,2010-07-30,1832664.03,85.03,3.017,126.1069032,9.199,126512
10,2010-08-06,1949236.09,86.13,3.123,126.0854516,9.199,126512
10,2010-08-13,1962996.7,88.37,3.049,126.064,9.199,126512
10,2010-08-20,1983190.56,89.88,3.041,126.0766452,9.199,126512
10,2010-08-27,1727565.42,84.99,3.022,126.0892903,9.199,126512
10,2010-09-03,1766331.45,83.8,3.087,126.1019355,9.199,126512
10,2010-09-10,1720530.23,84.04,2.961,126.1145806,9.199,126512
10,2010-09-17,1716755.78,85.52,3.028,126.1454667,9.199,126512
10,2010-09-24,1655036.75,85.75,2.939,126.1900333,9.199,126512
10,2010-10-01,1645892.97,86.01,3.001,126.2346,9.003,126512
10,2010-10-08,1772192.42,77.04,2.924,126.2791667,9.003,126512
10,2010-10-15,1703850.25,75.48,3.08,126.3266774,9.003,126512
10,2010-10-22,1740234.06,68.12,3.014,126.3815484,9.003,126512
10,2010-10-29,1741308.56,68.76,3.13,126.4364194,9.003,126512
10,2010-11-05,1832211.96,71.04,3.009,126.4912903,9.003,126512
10,2010-11-12,1895901.59,61.24,3.13,126.5461613,9.003,126512
10,2010-11-19,1949177.13,58.83,3.047,126.6072,9.003,126512
10,2010-11-26,2939946.38,55.33,3.162,126.6692667,9.003,126512
10,2010-12-03,2251206.64,51.17,3.041,126.7313333,9.003,126512
10,2010-12-10,2411790.21,60.51,3.091,126.7934,9.003,126512
10,2010-12-17,2811646.85,59.15,3.125,126.8794839,9.003,126512
10,2010-12-24,3749057.69,57.06,3.236,126.9835806,9.003,126512
10,2010-12-31,1707298.14,49.67,3.148,127.0876774,9.003,126512
10,2011-01-07,1714309.9,43.43,3.287,127.1917742,8.744,126512
10,2011-01-14,1710803.59,49.98,3.312,127.3009355,8.744,126512
10,2011-01-21,1677556.18,56.75,3.336,127.4404839,8.744,126512
10,2011-01-28,1715769.05,53.03,3.231,127.5800323,8.744,126512
10,2011-02-04,1968045.91,44.88,3.348,127.7195806,8.744,126512
10,2011-02-11,2115408.31,51.51,3.381,127.859129,8.744,126512
10,2011-02-18,2106934.55,61.77,3.43,127.99525,8.744,126512
10,2011-02-25,1967996.71,53.59,3.398,128.13,8.744,126512
10,2011-03-04,1958003.19,56.96,3.674,128.26475,8.744,126512
10,2011-03-11,1933469.15,64.22,3.63,128.3995,8.744,126512
10,2011-03-18,1884734.31,70.12,3.892,128.5121935,8.744,126512
10,2011-03-25,1815798.85,62.53,3.716,128.6160645,8.744,126512
10,2011-04-01,1827733.18,67.64,3.772,128.7199355,8.494,126512
10,2011-04-08,1870720.73,73.03,3.818,128.8238065,8.494,126512
10,2011-04-15,1781767.22,61.05,4.089,128.9107333,8.494,126512
10,2011-04-22,2004831.14,75.93,3.917,128.9553,8.494,126512
10,2011-04-29,1873646.34,73.38,4.151,128.9998667,8.494,126512
10,2011-05-06,1841369.99,73.56,4.193,129.0444333,8.494,126512
10,2011-05-13,1712995.44,74.04,4.202,129.089,8.494,126512
10,2011-05-20,1720908.01,72.62,3.99,129.0756774,8.494,126512
10,2011-05-27,1743000.38,78.62,3.933,129.0623548,8.494,126512
10,2011-06-03,1792210.89,81.87,3.893,129.0490323,8.494,126512
10,2011-06-10,1740063.1,84.57,3.981,129.0357097,8.494,126512
10,2011-06-17,1817934.76,87.96,3.935,129.0432,8.494,126512
10,2011-06-24,1711813.13,90.69,3.807,129.0663,8.494,126512
10,2011-07-01,1751369.75,95.36,3.842,129.0894,8.257,126512
10,2011-07-08,1699708.38,88.57,3.793,129.1125,8.257,126512
10,2011-07-15,1775068.4,86.01,3.779,129.1338387,8.257,126512
10,2011-07-22,1774342.61,88.59,3.697,129.1507742,8.257,126512
10,2011-07-29,1745841.33,86.75,3.694,129.1677097,8.257,126512
10,2011-08-05,1886299.98,89.8,3.803,129.1846452,8.257,126512
10,2011-08-12,1917397.63,85.61,3.794,129.2015806,8.257,126512
10,2011-08-19,1954849.68,87.4,3.743,129.2405806,8.257,126512
10,2011-08-26,1728399.07,91.59,3.663,129.2832581,8.257,126512
10,2011-09-02,1758587.35,91.61,3.798,129.3259355,8.257,126512
10,2011-09-09,1670579.82,89.06,3.771,129.3686129,8.257,126512
10,2011-09-16,1650894.3,77.49,3.784,129.4306,8.257,126512
10,2011-09-23,1685910.53,82.51,3.789,129.5183333,8.257,126512
10,2011-09-30,1627707.31,82.27,3.877,129.6060667,8.257,126512
10,2011-10-07,1788227.6,75.01,3.827,129.6938,7.874,126512
10,2011-10-14,1704753.02,70.27,3.698,129.7706452,7.874,126512
10,2011-10-21,1745928.56,77.91,3.842,129.7821613,7.874,126512
10,2011-10-28,1771792.97,72.79,3.843,129.7936774,7.874,126512
10,2011-11-04,1904438.59,68.57,3.828,129.8051935,7.874,126512
10,2011-11-11,2076570.84,55.28,3.677,129.8167097,7.874,126512
10,2011-11-18,1869087.85,58.97,3.669,129.8268333,7.874,126512
10,2011-11-25,2950198.64,60.68,3.76,129.8364,7.874,126512
10,2011-12-02,2068097.18,57.29,3.701,129.8459667,7.874,126512
10,2011-12-09,2429310.9,42.58,3.644,129.8555333,7.874,126512
10,2011-12-16,2555031.18,50.53,3.489,129.8980645,7.874,126512
10,2011-12-23,3487986.89,48.36,3.541,129.9845484,7.874,126512
10,2011-12-30,1930690.37,48.92,3.428,130.0710323,7.874,126512
10,2012-01-06,1683401.78,59.85,3.443,130.1575161,7.545,126512
10,2012-01-13,1711562.73,51.0,3.477,130.244,7.545,126512
10,2012-01-20,1675562.94,54.51,3.66,130.2792258,7.545,126512
10,2012-01-27,1632406.0,53.59,3.675,130.3144516,7.545,126512
10,2012-02-03,1867403.01,56.85,3.543,130.3496774,7.545,126512
10,2012-02-10,2218595.8,55.73,3.722,130.3849032,7.545,126512
10,2012-02-17,2168709.76,54.12,3.781,130.4546207,7.545,126512
10,2012-02-24,2039415.74,56.02,3.95,130.5502069,7.545,126512
10,2012-03-02,1990371.02,57.62,3.882,130.6457931,7.545,126512
10,2012-03-09,1917483.1,57.65,3.963,130.7413793,7.545,126512
10,2012-03-16,1930814.66,62.11,4.273,130.8261935,7.545,126512
10,2012-03-23,1837457.69,56.54,4.288,130.8966452,7.545,126512
10,2012-03-30,1815760.42,67.92,4.294,130.9670968,7.545,126512
10,2012-04-06,2163384.17,65.99,4.282,131.0375484,7.382,126512
10,2012-04-13,1974687.51,70.28,4.254,131.108,7.382,126512
11,2010-02-05,1528008.64,46.04,2.572,214.4248812,7.368,207499
11,2010-02-12,1574684.08,48.01,2.548,214.5747916,7.368,207499
11,2010-02-19,1503298.7,48.3,2.514,214.6198868,7.368,207499
11,2010-02-26,1336404.65,52.79,2.561,214.6475127,7.368,207499
11,2010-03-05,1426622.65,53.96,2.625,214.6751386,7.368,207499
11,2010-03-12,1331883.16,64.1,2.667,214.7027646,7.368,207499
11,2010-03-19,1364207.0,61.51,2.72,214.5301219,7.368,207499
11,2010-03-26,1245624.27,58.09,2.732,214.3241011,7.368,207499
11,2010-04-02,1446210.26,66.16,2.719,214.1180803,7.343,207499
11,2010-04-09,1470308.32,69.57,2.77,213.9120595,7.343,207499
11,2010-04-16,1323243.35,67.81,2.808,213.7726889,7.343,207499
11,2010-04-23,1283766.55,68.37,2.795,213.7221852,7.343,207499
11,2010-04-30,1239766.89,71.13,2.78,213.6716815,7.343,207499
11,2010-05-07,1312329.78,75.57,2.835,213.6211778,7.343,207499
11,2010-05-14,1266796.13,77.64,2.854,213.6196139,7.343,207499
11,2010-05-21,1271646.62,76.97,2.826,213.9116886,7.343,207499
11,2010-05-28,1264272.52,79.69,2.759,214.2037634,7.343,207499
11,2010-06-04,1396322.19,79.66,2.705,214.4958382,7.343,207499
11,2010-06-11,1339570.85,82.81,2.668,214.787913,7.343,207499
11,2010-06-18,1336522.92,84.13,2.637,214.7858259,7.343,207499
11,2010-06-25,1262025.08,84.5,2.653,214.6660741,7.343,207499
11,2010-07-02,1302600.14,83.09,2.669,214.5463222,7.346,207499
11,2010-07-09,1280156.47,83.01,2.642,214.4265704,7.346,207499
11,2010-07-16,1290609.54,84.9,2.623,214.4176476,7.346,207499
11,2010-07-23,1244390.03,84.57,2.608,214.5564968,7.346,207499
11,2010-07-30,1250178.89,83.26,2.64,214.695346,7.346,207499
11,2010-08-06,1369634.92,86.54,2.627,214.8341952,7.346,207499
11,2010-08-13,1384339.1,87.73,2.692,214.9730444,7.346,207499
11,2010-08-20,1430192.37,88.93,2.664,214.9314191,7.346,207499
11,2010-08-27,1311263.07,87.7,2.619,214.8897938,7.346,207499
11,2010-09-03,1303914.27,84.94,2.577,214.8481685,7.346,207499
11,2010-09-10,1231428.46,81.93,2.565,214.8065431,7.346,207499
11,2010-09-17,1215676.31,83.04,2.582,214.8322484,7.346,207499
11,2010-09-24,1170103.25,77.36,2.624,214.9084516,7.346,207499
11,2010-10-01,1182490.46,75.11,2.603,214.9846548,7.564,207499
11,2010-10-08,1293472.8,68.71,2.633,215.060858,7.564,207499
11,2010-10-15,1175003.67,71.46,2.72,215.1293114,7.564,207499
11,2010-10-22,1169831.38,72.6,2.725,215.17839,7.564,207499
11,2010-10-29,1195036.0,74.21,2.716,215.2274686,7.564,207499
11,2010-11-05,1332759.13,64.41,2.689,215.2765472,7.564,207499
11,2010-11-12,1281675.6,63.74,2.728,215.3256258,7.564,207499
11,2010-11-19,1292346.57,58.63,2.771,215.2074519,7.564,207499
11,2010-11-26,1757242.51,69.9,2.735,215.0614025,7.564,207499
11,2010-12-03,1380522.64,55.9,2.708,214.9153531,7.564,207499
11,2010-12-10,1564516.43,53.33,2.843,214.7693037,7.564,207499
11,2010-12-17,1843971.15,54.63,2.869,214.704919,7.564,207499
11,2010-12-24,2306265.36,59.33,2.886,214.7017828,7.564,207499
11,2010-12-31,1172003.1,55.03,2.943,214.6986466,7.564,207499
11,2011-01-07,1178905.44,54.43,2.976,214.6955104,7.551,207499
11,2011-01-14,1194449.78,45.34,2.983,214.7470729,7.551,207499
11,2011-01-21,1187776.19,51.51,3.016,215.1268275,7.551,207499
11,2011-01-28,1100418.69,51.04,3.01,215.5065821,7.551,207499
11,2011-02-04,1422546.05,47.17,2.989,215.8863367,7.551,207499
11,2011-02-11,1419236.9,44.61,3.022,216.2660913,7.551,207499
11,2011-02-18,1554747.15,61.5,3.045,216.5843571,7.551,207499
11,2011-02-25,1323999.36,68.74,3.065,216.8780275,7.551,207499
11,2011-03-04,1399456.99,66.5,3.288,217.1716979,7.551,207499
11,2011-03-11,1314557.31,63.29,3.459,217.4653683,7.551,207499
11,2011-03-18,1391813.69,70.17,3.488,217.7235226,7.551,207499
11,2011-03-25,1229777.24,73.74,3.473,217.9674705,7.551,207499
11,2011-04-01,1258674.12,69.1,3.524,218.2114184,7.574,207499
11,2011-04-08,1327401.06,73.57,3.622,218.4553663,7.574,207499
11,2011-04-15,1312905.8,76.64,3.743,218.6788642,7.574,207499
11,2011-04-22,1388118.53,78.31,3.807,218.851237,7.574,207499
11,2011-04-29,1357589.89,79.97,3.81,219.0236099,7.574,207499
11,2011-05-06,1331453.41,71.39,3.906,219.1959827,7.574,207499
11,2011-05-13,1277959.42,80.93,3.899,219.3683556,7.574,207499
11,2011-05-20,1239466.97,76.97,3.907,219.127216,7.574,207499
11,2011-05-27,1216876.52,85.61,3.786,218.8860765,7.574,207499
11,2011-06-03,1343637.0,86.14,3.699,218.6449369,7.574,207499
11,2011-06-10,1314626.75,85.79,3.648,218.4037974,7.574,207499
11,2011-06-17,1337506.74,87.9,3.637,218.3551748,7.574,207499
11,2011-06-24,1254587.84,86.13,3.594,218.45094,7.574,207499
11,2011-07-01,1297472.06,86.43,3.524,218.5467052,7.567,207499
11,2011-07-08,1334627.96,87.17,3.48,218.6424704,7.567,207499
11,2011-07-15,1266546.73,88.3,3.575,218.7275216,7.567,207499
11,2011-07-22,1290576.44,87.8,3.651,218.7857881,7.567,207499
11,2011-07-29,1212938.67,89.46,3.682,218.8440545,7.567,207499
11,2011-08-05,1403198.94,90.04,3.684,218.9023209,7.567,207499
11,2011-08-12,1354188.43,90.3,3.638,218.9605873,7.567,207499
11,2011-08-19,1484169.74,89.51,3.554,219.023271,7.567,207499
11,2011-08-26,1304706.75,89.09,3.523,219.0866908,7.567,207499
11,2011-09-02,1297792.41,91.44,3.533,219.1501106,7.567,207499
11,2011-09-09,1249439.95,84.91,3.546,219.2135305,7.567,207499
11,2011-09-16,1270816.01,85.11,3.526,219.3972867,7.567,207499
11,2011-09-23,1235775.15,82.14,3.467,219.7414914,7.567,207499
11,2011-09-30,1190515.83,84.4,3.355,220.085696,7.567,207499
11,2011-10-07,1346271.06,76.97,3.285,220.4299007,7.197,207499
11,2011-10-14,1286388.96,75.56,3.274,220.7486167,7.197,207499
11,2011-10-21,1325107.53,70.91,3.353,220.9144005,7.197,207499
11,2011-10-28,1310684.1,72.66,3.372,221.0801842,7.197,207499
11,2011-11-04,1458287.38,61.13,3.332,221.245968,7.197,207499
11,2011-11-11,1366053.69,64.2,3.297,221.4117517,7.197,207499
11,2011-11-18,1315091.63,66.17,3.308,221.6432852,7.197,207499
11,2011-11-25,1848953.48,70.03,3.236,221.9011185,7.197,207499
11,2011-12-02,1399322.44,56.89,3.172,222.1589519,7.197,207499
11,2011-12-09,1646655.94,50.63,3.158,222.4167852,7.197,207499
11,2011-12-16,1783910.06,59.69,3.159,222.6426418,7.197,207499
11,2011-12-23,2213518.5,54.29,3.112,222.8258628,7.197,207499
11,2011-12-30,1352084.21,48.86,3.129,223.0090839,7.197,207499
11,2012-01-06,1283885.55,54.44,3.157,223.1923049,6.833,207499
11,2012-01-13,1264736.59,53.1,3.261,223.3755259,6.833,207499
11,2012-01-20,1207303.29,56.43,3.268,223.4700552,6.833,207499
11,2012-01-27,1162675.85,58.36,3.29,223.5645845,6.833,207499
11,2012-02-03,1376732.18,60.24,3.36,223.6591137,6.833,207499
11,2012-02-10,1574287.76,52.23,3.409,223.753643,6.833,207499
11,2012-02-17,1569607.94,52.77,3.51,223.9170153,6.833,207499
11,2012-02-24,1379473.03,61.11,3.555,224.1320199,6.833,207499
11,2012-03-02,1438383.44,62.61,3.63,224.3470245,6.833,207499
11,2012-03-09,1413382.76,61.44,3.669,224.5620291,6.833,207499
11,2012-03-16,1441884.28,64.21,3.734,224.7166953,6.833,207499
11,2012-03-23,1300593.61,67.16,3.787,224.7909104,6.833,207499
11,2012-03-30,1300104.03,70.23,3.845,224.8651254,6.833,207499
11,2012-04-06,1596325.01,74.19,3.891,224.9393405,6.664,207499
11,2012-04-13,1472752.01,72.74,3.891,225.0135556,6.664,207499
12,2010-02-05,1100046.37,49.47,2.962,126.4420645,13.975,112238
12,2010-02-12,1117863.33,47.87,2.946,126.4962581,13.975,112238
12,2010-02-19,1095421.65,54.83,2.915,126.5262857,13.975,112238
12,2010-02-26,1048617.17,50.23,2.825,126.5522857,13.975,112238
12,2010-03-05,1077018.27,53.77,2.987,126.5782857,13.975,112238
12,2010-03-12,985594.23,50.11,2.925,126.6042857,13.975,112238
12,2010-03-19,972088.34,59.57,3.054,126.6066452,13.975,112238
12,2010-03-26,981615.81,60.06,3.083,126.6050645,13.975,112238
12,2010-04-02,1011822.3,59.84,3.086,126.6034839,14.099,112238
12,2010-04-09,1041238.87,59.25,3.09,126.6019032,14.099,112238
12,2010-04-16,957997.52,64.95,3.109,126.5621,14.099,112238
12,2010-04-23,993833.44,64.55,3.05,126.4713333,14.099,112238
12,2010-04-30,954220.22,67.38,3.105,126.3805667,14.099,112238
12,2010-05-07,1043240.27,70.15,3.127,126.2898,14.099,112238
12,2010-05-14,966054.97,68.44,3.145,126.2085484,14.099,112238
12,2010-05-21,958374.56,76.2,3.12,126.1843871,14.099,112238
12,2010-05-28,955451.16,67.84,3.058,126.1602258,14.099,112238
12,2010-06-04,1049357.36,81.39,2.941,126.1360645,14.099,112238
12,2010-06-11,1016039.71,90.84,2.949,126.1119032,14.099,112238
12,2010-06-18,956211.2,81.06,3.043,126.114,14.099,112238
12,2010-06-25,958007.69,87.27,3.084,126.1266,14.099,112238
12,2010-07-02,951957.31,91.98,3.105,126.1392,14.18,112238
12,2010-07-09,943506.28,90.37,3.1,126.1518,14.18,112238
12,2010-07-16,916402.76,97.18,3.094,126.1498065,14.18,112238
12,2010-07-23,912403.67,99.22,3.112,126.1283548,14.18,112238
12,2010-07-30,913548.25,96.31,3.017,126.1069032,14.18,112238
12,2010-08-06,967576.95,92.95,3.123,126.0854516,14.18,112238
12,2010-08-13,928264.4,87.01,3.159,126.064,14.18,112238
12,2010-08-20,948447.34,92.81,3.041,126.0766452,14.18,112238
12,2010-08-27,1004516.46,93.19,3.129,126.0892903,14.18,112238
12,2010-09-03,1075758.55,83.12,3.087,126.1019355,14.18,112238
12,2010-09-10,903119.03,83.63,3.044,126.1145806,14.18,112238
12,2010-09-17,852882.61,82.45,3.028,126.1454667,14.18,112238
12,2010-09-24,851919.34,81.77,2.939,126.1900333,14.18,112238
12,2010-10-01,850936.26,85.2,3.001,126.2346,14.313,112238
12,2010-10-08,918335.68,71.82,3.013,126.2791667,14.313,112238
12,2010-10-15,862419.84,75.0,2.976,126.3266774,14.313,112238
12,2010-10-22,857883.46,68.85,3.014,126.3815484,14.313,112238
12,2010-10-29,955294.7,61.09,3.016,126.4364194,14.313,112238
12,2010-11-05,929690.71,65.49,3.129,126.4912903,14.313,112238
12,2010-11-12,942475.24,57.79,3.13,126.5461613,14.313,112238
12,2010-11-19,894493.7,58.18,3.161,126.6072,14.313,112238
12,2010-11-26,1601377.41,47.66,3.162,126.6692667,14.313,112238
12,2010-12-03,1069533.17,43.33,3.041,126.7313333,14.313,112238
12,2010-12-10,1121934.15,50.01,3.203,126.7934,14.313,112238
12,2010-12-17,1295605.35,52.77,3.236,126.8794839,14.313,112238
12,2010-12-24,1768249.89,52.02,3.236,126.9835806,14.313,112238
12,2010-12-31,891736.91,45.64,3.148,127.0876774,14.313,112238
12,2011-01-07,910110.24,37.64,3.287,127.1917742,14.021,112238
12,2011-01-14,812011.8,43.15,3.312,127.3009355,14.021,112238
12,2011-01-21,802105.5,53.53,3.223,127.4404839,14.021,112238
12,2011-01-28,873119.06,50.74,3.342,127.5800323,14.021,112238
12,2011-02-04,1046068.17,45.14,3.348,127.7195806,14.021,112238
12,2011-02-11,1086421.57,51.3,3.381,127.859129,14.021,112238
12,2011-02-18,1128485.1,53.35,3.43,127.99525,14.021,112238
12,2011-02-25,1046203.72,48.45,3.53,128.13,14.021,112238
12,2011-03-04,1085248.21,51.72,3.674,128.26475,14.021,112238
12,2011-03-11,997672.62,57.75,3.818,128.3995,14.021,112238
12,2011-03-18,1009502.01,64.21,3.692,128.5121935,14.021,112238
12,2011-03-25,954107.32,54.4,3.909,128.6160645,14.021,112238
12,2011-04-01,1005463.49,63.63,3.772,128.7199355,13.736,112238
12,2011-04-08,998362.05,64.47,4.003,128.8238065,13.736,112238
12,2011-04-15,990951.77,57.63,3.868,128.9107333,13.736,112238
12,2011-04-22,1016019.47,72.12,4.134,128.9553,13.736,112238
12,2011-04-29,994966.1,68.27,4.151,128.9998667,13.736,112238
12,2011-05-06,1021154.48,68.4,4.193,129.0444333,13.736,112238
12,2011-05-13,977033.5,70.93,4.202,129.089,13.736,112238
12,2011-05-20,924134.99,66.59,4.169,129.0756774,13.736,112238
12,2011-05-27,964332.51,76.67,4.087,129.0623548,13.736,112238
12,2011-06-03,970328.68,71.81,4.031,129.0490323,13.736,112238
12,2011-06-10,996937.95,78.72,3.981,129.0357097,13.736,112238
12,2011-06-17,986504.93,86.84,3.935,129.0432,13.736,112238
12,2011-06-24,997282.75,88.95,3.898,129.0663,13.736,112238
12,2011-07-01,961993.34,89.85,3.842,129.0894,13.503,112238
12,2011-07-08,943717.38,89.9,3.705,129.1125,13.503,112238
12,2011-07-15,936001.98,88.1,3.692,129.1338387,13.503,112238
12,2011-07-22,922231.92,91.17,3.794,129.1507742,13.503,112238
12,2011-07-29,890547.07,93.29,3.805,129.1677097,13.503,112238
12,2011-08-05,988712.52,90.61,3.803,129.1846452,13.503,112238
12,2011-08-12,955913.68,91.04,3.701,129.2015806,13.503,112238
12,2011-08-19,966817.24,91.74,3.743,129.2405806,13.503,112238
12,2011-08-26,1017593.47,94.61,3.74,129.2832581,13.503,112238
12,2011-09-02,1052051.45,93.66,3.798,129.3259355,13.503,112238
12,2011-09-09,922850.57,88.0,3.913,129.3686129,13.503,112238
12,2011-09-16,889290.23,76.36,3.918,129.4306,13.503,112238
12,2011-09-23,871692.74,82.95,3.789,129.5183333,13.503,112238
12,2011-09-30,866401.45,83.26,3.877,129.6060667,13.503,112238
12,2011-10-07,951244.66,70.44,3.827,129.6938,12.89,112238
12,2011-10-14,927600.01,67.31,3.805,129.7706452,12.89,112238
12,2011-10-21,938604.58,73.05,3.842,129.7821613,12.89,112238
12,2011-10-28,990926.38,67.41,3.727,129.7936774,12.89,112238
12,2011-11-04,1051944.79,59.77,3.828,129.8051935,12.89,112238
12,2011-11-11,1095091.53,48.76,3.824,129.8167097,12.89,112238
12,2011-11-18,970641.34,54.2,3.813,129.8268333,12.89,112238
12,2011-11-25,1591920.42,53.25,3.622,129.8364,12.89,112238
12,2011-12-02,1071383.1,52.5,3.701,129.8459667,12.89,112238
12,2011-12-09,1189646.45,42.17,3.644,129.8555333,12.89,112238
12,2011-12-16,1293404.18,43.29,3.6,129.8980645,12.89,112238
12,2011-12-23,1617612.03,45.4,3.541,129.9845484,12.89,112238
12,2011-12-30,1111638.07,44.64,3.428,130.0710323,12.89,112238
12,2012-01-06,945823.65,50.43,3.599,130.1575161,12.187,112238
12,2012-01-13,865467.86,48.07,3.657,130.244,12.187,112238
12,2012-01-20,855922.64,46.2,3.66,130.2792258,12.187,112238
12,2012-01-27,888203.69,50.43,3.675,130.3144516,12.187,112238
12,2012-02-03,1058767.95,50.58,3.702,130.3496774,12.187,112238
12,2012-02-10,1199330.85,52.27,3.722,130.3849032,12.187,112238
12,2012-02-17,1240048.85,51.8,3.781,130.4546207,12.187,112238
12,2012-02-24,1112034.72,53.13,3.95,130.5502069,12.187,112238
12,2012-03-02,1147636.96,52.27,4.178,130.6457931,12.187,112238
12,2012-03-09,1113208.57,54.54,4.25,130.7413793,12.187,112238
12,2012-03-16,1088498.52,64.44,4.273,130.8261935,12.187,112238
12,2012-03-23,1045419.87,56.26,4.038,130.8966452,12.187,112238
12,2012-03-30,1025382.22,64.36,4.294,130.9670968,12.187,112238
12,2012-04-06,1128765.71,64.05,4.121,131.0375484,11.627,112238
12,2012-04-13,1083811.19,64.28,4.254,131.108,11.627,112238
